"","yearBP","spd","peri_numeric","cribra","porotic","d18OiceSMOW","lag_25yr","lag_50yr","lag_100yr","spd_fact","LIP_phase"
"1",450,0.0035517034134729,0,0,0,-16.99,-18.8,-17.73,-18.27,1,2
"2",451,0.00438793647661186,0,0,0,-17.13,-18.64,-18,-18.84,1,2
"3",452,0.00477876501791139,0,0,0,-18.24,-17.69,-18.63,-19.72,1,2
"4",453,0.0054712288813566,0,0,0,-18.32,-18.47,-17.91,-18.36,1,2
"5",454,0.00584416435119032,0,0,0,-18.59,-18.88,-16.64,-17.58,1,2
"6",455,0.00598051944949943,0,0,0,-18.64,-17.24,-16.36,-17.5,1,2
"7",456,0.00623536547777631,0,0,0,-18.04,-18.47,-17.16,-17.85,1,2
"8",457,0.00623536547777631,0,0,0,-17.6,-18.32,-17.09,-17.13,1,2
"9",458,0.00584416435119032,0,0,0,-16.71,-18.39,-18.07,-17.4,1,2
"10",459,0.00610463149729923,0,0,0,-17.29,-19.13,-19.86,-19.52,1,2
"11",460,0.0057272172378447,0,0,0,-17.54,-18.1,-17.98,-15.73,1,2
"12",461,0.0057272172378447,0,0,0,-16.81,-16.46,-20.57,-17.07,1,2
"13",462,0.0054712288813566,0,0,0,-17.29,-17.7,-19.61,-18.36,1,2
"14",463,0.0054712288813566,0,0,0,-17.2,-16.47,-17.18,-18.25,1,2
"15",464,0.00559371431360183,0,0,0,-17.05,-20.62,-16.9,-17.45,1,2
"16",465,0.00598051944949943,0,0,0,-18.56,-17.8,-16.79,-17.27,1,2
"17",466,0.0068119944185716,0,0,0,-19.3,-21.19,-16.98,-17.07,1,2
"18",467,0.00798802556966226,0,0,0,-19.25,-19.74,-18.76,-17.9,1,2
"19",468,0.0089792476090659,0,0,0,-17.38,-19.77,-17.64,-18.04,1,2
"20",469,0.0103136169802693,0,0,0,-19.01,-17.03,-16.43,-16.01,1,2
"21",470,0.0120407054211034,0,0,0,-19.05,-16.31,-17.67,-17.36,1,2
"22",471,0.0132760582881547,0,0,0,-19.84,-16.85,-15.76,-16.75,1,2
"23",472,0.0139172919987276,0,0,0,-19.86,-18.41,-16.79,-17.49,1,2
"24",473,0.014361143413778,0,0,0,-17.83,-16.98,-18.85,-17.87,1,2
"25",474,0.0150438781273261,0,0,0,-17.82,-16.53,-18.41,-16.96,1,2
"26",475,0.0133501913733645,0,0,0,-18.8,-17.73,-19.96,-15.22,1,2
"27",476,0.0139627604748967,0,0,0,-18.64,-18,-18.75,-16.37,1,2
"28",477,0.0145215711605543,0,0,0,-17.69,-18.63,-17.86,-18.07,1,2
"29",478,0.0150311748802205,0,0,0,-18.47,-17.91,-19.28,-16.76,1,2
"30",479,0.0154954473663004,0,0,0,-18.88,-16.64,-16.75,-16.46,1,2
"31",480,0.0159201316910823,0,0,0,-17.24,-16.36,-16.92,-16.04,1,2
"32",481,0.0163395076023104,0,0,0,-18.47,-17.16,-18.81,-15.3,1,2
"33",482,0.0167765536943507,0,0,0,-18.32,-17.09,-18.93,-15.82,1,2
"34",483,0.0172900930646651,0,0,0,-18.39,-18.07,-18.2,-17.21,1,2
"35",484,0.0178991957962943,0,0,0,-19.13,-19.86,-16.66,-17.6,1,2
"36",485,0.0186025229056989,0,0,0,-18.1,-17.98,-18.1,-18.18,1,2
"37",486,0.0194454901338817,0,0,0,-16.46,-20.57,-17.54,-18.99,1,2
"38",487,0.0203442780781073,0,0,0,-17.7,-19.61,-18.07,-19.38,1,2
"39",488,0.0213716875216784,0,0,0,-16.47,-17.18,-17.69,-20.58,1,2
"40",489,0.0224858454014825,0,0,0,-20.62,-16.9,-17.11,-20.43,1,2
"41",490,0.0238431058267853,0,0,0.666666666666667,-17.8,-16.79,-16.98,-17.34,1,2
"42",491,0.0253782034681975,0,0,0.666666666666667,-21.19,-16.98,-17.31,-17.29,1,2
"43",492,0.0271007942048177,0,0,0.666666666666667,-19.74,-18.76,-18.37,-17.6,1,2
"44",493,0.0290612450919849,0,0,0.666666666666667,-19.77,-17.64,-18.67,-18.19,1,2
"45",494,0.0312310042148937,0,0,0.666666666666667,-17.03,-16.43,-19.28,-18.08,1,2
"46",495,0.0336470147108732,0,0,0.666666666666667,-16.31,-17.67,-19.72,-19.06,2,2
"47",496,0.0362739368323225,0,0,0.666666666666667,-16.85,-15.76,-18.81,-21.09,2,2
"48",497,0.0390020247957453,0,0,0.888888888888889,-18.41,-16.79,-17.89,-20.79,2,2
"49",498,0.0419577483428236,0,0,0.888888888888889,-16.98,-18.85,-18.13,-17.67,2,2
"50",499,0.0451721283982078,0,0,1,-16.53,-18.41,-17.92,-16.84,2,2
"51",500,0.0486407434933114,0,0,1,-17.73,-19.96,-18.27,-16.35,2,2
"52",501,0.0523851209765206,0.361111111111111,0.777777777777778,0.666666666666667,-18,-18.75,-18.84,-16.63,2,2
"53",502,0.0564180718304137,0.361111111111111,0.777777777777778,0.666666666666667,-18.63,-17.86,-19.72,-17.25,2,2
"54",503,0.0607331658538239,0.361111111111111,0.777777777777778,0.666666666666667,-17.91,-19.28,-18.36,-18.02,2,2
"55",504,0.0652114920535893,0.619047619047619,1,0.571428571428571,-16.64,-16.75,-17.58,-17.48,2,2
"56",505,0.070004029135436,0.619047619047619,1,0.571428571428571,-16.36,-16.92,-17.5,-16.58,2,2
"57",506,0.0751066144508983,0.8125,0.875,0.5,-17.16,-18.81,-17.85,-19.36,1,2
"58",507,0.0805022299850699,0.866666666666667,0.7,0.4,-17.09,-18.93,-17.13,-17.81,1,2
"59",508,0.0860635121829884,1,0.538461538461539,0.307692307692308,-18.07,-18.2,-17.4,-19.24,1,2
"60",509,0.0919017234085444,1,0.538461538461539,0.307692307692308,-19.86,-16.66,-19.52,-21.52,1,2
"61",510,0.0980429055349724,0.928571428571428,0.5,0.380952380952381,-17.98,-18.1,-15.73,-17.55,1,2
"62",511,0.10449401337177,0.928571428571428,0.5,0.380952380952381,-20.57,-17.54,-17.07,-15.33,1,2
"63",512,0.111336053755911,0.892156862745098,0.549019607843137,0.313725490196078,-19.61,-18.07,-18.36,-16.56,1,2
"64",513,0.118720626628959,0.866666666666667,0.466666666666667,0.444444444444444,-17.18,-17.69,-18.25,-18.21,1,2
"65",514,0.126530070130712,0.842592592592593,0.518518518518518,0.37037037037037,-16.9,-17.11,-17.45,-16.2,1,2
"66",515,0.134710059940979,0.842592592592593,0.518518518518518,0.37037037037037,-16.79,-16.98,-17.27,-18.21,1,2
"67",516,0.143272623484286,0.866666666666667,0.583333333333333,0.4,-16.98,-17.31,-17.07,-17.75,1,2
"68",517,0.15244429391118,0.787878787878788,0.53030303030303,0.424242424242424,-18.76,-18.37,-17.9,-18.76,1,2
"69",518,0.161979951254054,0.787878787878788,0.53030303030303,0.424242424242424,-17.64,-18.67,-18.04,-17.48,1,2
"70",519,0.172161911674076,0.722222222222222,0.486111111111111,0.444444444444444,-16.43,-19.28,-16.01,-16.36,1,2
"71",520,0.183035629371656,0.722222222222222,0.486111111111111,0.444444444444444,-17.67,-19.72,-17.36,-18.04,1,2
"72",521,0.194565388217071,0.722222222222222,0.486111111111111,0.444444444444444,-15.76,-18.81,-16.75,-16.72,1,2
"73",522,0.206588318520227,0.722222222222222,0.486111111111111,0.444444444444444,-16.79,-17.89,-17.49,-15.46,1,2
"74",523,0.218970733668531,0.722222222222222,0.486111111111111,0.444444444444444,-18.85,-18.13,-17.87,-16.78,1,2
"75",524,0.231868367655645,0.722222222222222,0.486111111111111,0.444444444444444,-18.41,-17.92,-16.96,-18.21,1,2
"76",525,0.244910571919887,0.693333333333333,0.56,0.426666666666667,-19.96,-18.27,-15.22,-18.67,1,2
"77",526,0.258100611289548,0.75,0.538461538461539,0.41025641025641,-18.75,-18.84,-16.37,-16.44,1,2
"78",527,0.271458524165414,0.75,0.538461538461539,0.41025641025641,-17.86,-19.72,-18.07,-19.3,1,2
"79",528,0.284917137652612,0.802469135802469,0.518518518518518,0.395061728395062,-19.28,-18.36,-16.76,-18.65,1,2
"80",529,0.298448020403772,0.82183908045977,0.482758620689655,0.413793103448276,-16.75,-17.58,-16.46,-18.38,1,2
"81",530,0.312069643051544,0.8125,0.4375,0.375,-16.92,-17.5,-16.04,-17.47,1,2
"82",531,0.325811241888886,0.8125,0.4375,0.375,-18.81,-17.85,-15.3,-15.35,1,2
"83",532,0.339784002601767,0.8125,0.4375,0.375,-18.93,-17.13,-15.82,-16.7,1,2
"84",533,0.3540475928418,0.8125,0.4375,0.375,-18.2,-17.4,-17.21,-19.05,1,2
"85",534,0.368584309655815,0.842592592592593,0.388888888888889,0.407407407407407,-16.66,-19.52,-17.6,-18.32,1,2
"86",535,0.383429087754285,0.842592592592593,0.388888888888889,0.407407407407407,-18.1,-15.73,-18.18,-17.35,1,2
"87",536,0.398500871507789,0.798245614035088,0.378378378378378,0.421052631578947,-17.54,-17.07,-18.99,-17.17,1,2
"88",537,0.413762893322303,0.777777777777778,0.368421052631579,0.444444444444444,-18.07,-18.36,-19.38,-17.12,1,2
"89",538,0.429108646476008,0.773809523809524,0.341463414634146,0.476190476190476,-17.69,-18.25,-20.58,-18.75,1,2
"90",539,0.444229283228964,0.755813953488372,0.333333333333333,0.496124031007752,-17.11,-17.45,-20.43,-19.35,1,2
"91",540,0.458774740622075,0.722222222222222,0.424242424242424,0.474074074074074,-16.98,-17.27,-17.34,-18.03,1,2
"92",541,0.472710732097108,0.691489361702128,0.466666666666667,0.482269503546099,-17.31,-17.07,-17.29,-18.97,1,2
"93",542,0.485748119733283,0.691489361702128,0.466666666666667,0.482269503546099,-18.37,-17.9,-17.6,-19.02,1,2
"94",543,0.497828549658933,0.663265306122449,0.49645390070922,0.462585034013605,-18.67,-18.04,-18.19,-19.19,1,2
"95",544,0.508956318362634,0.663265306122449,0.49645390070922,0.462585034013605,-19.28,-16.01,-18.08,-17.87,1,2
"96",545,0.519106979391687,0.601851851851852,0.493589743589744,0.444444444444444,-19.72,-17.36,-19.06,-17.59,1,2
"97",546,0.528538332772854,0.580357142857143,0.475308641975309,0.436363636363636,-18.81,-16.75,-21.09,-17.63,1,2
"98",547,0.537324358477956,0.594086021505376,0.466666666666667,0.437158469945355,-17.89,-17.49,-20.79,-18.02,1,2
"99",548,0.54546308295802,0.575520833333333,0.451612903225806,0.423280423280423,-18.13,-17.87,-17.67,-18.28,1,2
"100",549,0.553073940719802,0.558080808080808,0.444444444444444,0.416666666666667,-17.92,-16.96,-16.84,-18.2,1,2
"101",550,0.560200658985894,0.571759259259259,0.439613526570048,0.419047619047619,-18.27,-15.22,-16.35,-17.63,1,2
"102",551,0.566919312849032,0.563926940639269,0.466666666666667,0.413145539906103,-18.84,-16.37,-16.63,-19.37,1,2
"103",552,0.573363336637629,0.562770562770563,0.441441441441441,0.408888888888889,-19.72,-18.07,-17.25,-18.79,1,2
"104",553,0.579477427682472,0.555555555555555,0.466666666666667,0.403508771929825,-18.36,-16.76,-18.02,-18.14,1,2
"105",554,0.585453625969732,0.548523206751055,0.491228070175439,0.415584415584416,-17.58,-16.46,-17.48,-18.55,1,2
"106",555,0.591139664709396,0.541666666666667,0.515151515151515,0.41025641025641,-17.5,-16.04,-16.58,-20.75,1,2
"107",556,0.596595004565093,0.534979423868313,0.508547008547009,0.40506329113924,-17.85,-15.3,-19.36,-18.26,1,2
"108",557,0.6018454524741,0.534979423868313,0.508547008547009,0.40506329113924,-17.13,-15.82,-17.81,-15.66,1,2
"109",558,0.60702062068853,0.528455284552846,0.531645569620253,0.383333333333333,-17.4,-17.21,-19.24,-16.23,1,2
"110",559,0.612006797798144,0.508230452674897,0.478632478632479,0.388185654008439,-19.52,-17.6,-21.52,-17.34,1,2
"111",560,0.616849470855162,0.490079365079365,0.460905349794239,0.390243902439024,-15.73,-18.18,-17.55,-16.13,3,2
"112",561,0.621647636877352,0.490079365079365,0.460905349794239,0.390243902439024,-17.07,-18.99,-15.33,-16.69,3,2
"113",562,0.626246068305042,0.490079365079365,0.460905349794239,0.390243902439024,-18.36,-19.38,-16.56,-17.52,3,2
"114",563,0.63067892437836,0.503875968992248,0.449799196787149,0.396825396825397,-18.25,-20.58,-18.21,-18.12,3,2
"115",564,0.635010048025857,0.498084291187739,0.444444444444444,0.407843137254902,-17.45,-20.43,-16.2,-19.32,3,2
"116",565,0.63918093370813,0.490079365079365,0.432098765432099,0.422764227642276,-17.27,-17.34,-18.21,-17.87,3,2
"117",566,0.643324240755431,0.484313725490196,0.426829268292683,0.417670682730924,-17.07,-17.29,-17.75,-17.07,3,2
"118",567,0.647210293803963,0.453488372093023,0.393574297188755,0.396825396825397,-17.9,-17.6,-18.76,-19.22,3,2
"119",568,0.651074207577902,0.464285714285714,0.403292181069959,0.395061728395062,-18.04,-18.19,-17.48,-19.83,3,2
"120",569,0.654801026909587,0.449186991869919,0.413502109704641,0.40506329113924,-16.01,-18.08,-16.36,-19.57,3,2
"121",570,0.658182824154395,0.443775100401606,0.408333333333333,0.4,-17.36,-19.06,-18.04,-17.35,3,2
"122",571,0.661379236712661,0.449186991869919,0.413502109704641,0.388185654008439,-16.75,-21.09,-16.72,-18.65,3,2
"123",572,0.664413771520241,0.443775100401606,0.408333333333333,0.366666666666667,-17.49,-20.79,-15.46,-19.86,3,2
"124",573,0.667359508998908,0.443775100401606,0.408333333333333,0.366666666666667,-17.87,-17.67,-16.78,-18.46,3,2
"125",574,0.670054133048524,0.454732510288066,0.418803418803419,0.358974358974359,-16.96,-16.84,-18.21,-18.52,3,2
"126",575,0.672740192806405,0.454732510288066,0.418803418803419,0.358974358974359,-15.22,-16.35,-18.67,-16.66,3,2
"127",576,0.675349137441845,0.454732510288066,0.418803418803419,0.358974358974359,-16.37,-16.63,-16.44,-19.5,3,2
"128",577,0.677871270312826,0.475609756097561,0.413502109704641,0.371308016877637,-18.07,-17.25,-19.3,-18.97,3,2
"129",578,0.680190454432355,0.475609756097561,0.413502109704641,0.371308016877637,-16.76,-18.02,-18.65,-19.38,3,2
"130",579,0.682338369729788,0.475609756097561,0.413502109704641,0.371308016877637,-16.46,-17.48,-18.38,-19.39,3,2
"131",580,0.684341978468258,0.454732510288066,0.418803418803419,0.358974358974359,-16.04,-16.58,-17.47,-19.31,3,2
"132",581,0.685984950561262,0.449186991869919,0.413502109704641,0.371308016877637,-15.3,-19.36,-15.35,-15.57,3,2
"133",582,0.68718561374355,0.454732510288066,0.418803418803419,0.358974358974359,-15.82,-17.81,-16.7,-15.69,3,2
"134",583,0.687821342821375,0.449186991869919,0.413502109704641,0.371308016877637,-17.21,-19.24,-19.05,-17.9,3,2
"135",584,0.687991621207753,0.454732510288066,0.418803418803419,0.376068376068376,-17.6,-21.52,-18.32,-16.59,3,2
"136",585,0.687663881450762,0.454732510288066,0.418803418803419,0.376068376068376,-18.18,-17.55,-17.35,-15.94,3,2
"137",586,0.686886064892635,0.454732510288066,0.418803418803419,0.376068376068376,-18.99,-15.33,-17.17,-15.72,3,2
"138",587,0.685772085777358,0.449186991869919,0.413502109704641,0.388185654008439,-19.38,-16.56,-17.12,-17.14,3,2
"139",588,0.684450873590675,0.449186991869919,0.413502109704641,0.40506329113924,-20.58,-18.21,-18.75,-16.78,3,2
"140",589,0.683146671598204,0.449186991869919,0.413502109704641,0.40506329113924,-20.43,-16.2,-19.35,-17.52,3,2
"141",590,0.682077448881513,0.469879518072289,0.408333333333333,0.4,-17.34,-18.21,-18.03,-17.91,3,2
"142",591,0.681252525277197,0.464285714285714,0.403292181069959,0.395061728395062,-17.29,-17.75,-18.97,-16.64,3,2
"143",592,0.681038212418571,0.453488372093023,0.393574297188755,0.401606425702811,-17.6,-18.76,-19.02,-14.39,3,2
"144",593,0.681506964267285,0.469879518072289,0.408333333333333,0.411522633744856,-18.19,-17.48,-19.19,-17.01,3,2
"145",594,0.682699244661419,0.464285714285714,0.403292181069959,0.40650406504065,-18.08,-16.36,-17.87,-18.27,3,2
"146",595,0.684526038208735,0.490079365079365,0.432098765432099,0.422764227642276,-19.06,-18.04,-17.59,-19.51,3,2
"147",596,0.686826686009651,0.490079365079365,0.432098765432099,0.422764227642276,-21.09,-16.72,-17.63,-18.38,3,2
"148",597,0.689716444348289,0.498084291187739,0.444444444444444,0.407843137254902,-20.79,-15.46,-18.02,-20.37,3,2
"149",598,0.693164459053837,0.503875968992248,0.449799196787149,0.396825396825397,-17.67,-16.78,-18.28,-20.38,3,2
"150",599,0.696997367756391,0.503875968992248,0.449799196787149,0.396825396825397,-16.84,-18.21,-18.2,-19.94,3,2
"151",600,0.701336793276316,0.490079365079365,0.460905349794239,0.390243902439024,-16.35,-18.67,-17.63,-18.34,3,2
"152",601,0.70621006514819,0.490079365079365,0.460905349794239,0.390243902439024,-16.63,-16.44,-19.37,-16.4,3,2
"153",602,0.711458464179979,0.502032520325203,0.472573839662447,0.4,-17.25,-19.3,-18.79,-19.28,3,2
"154",603,0.717133909898501,0.502032520325203,0.472573839662447,0.4,-18.02,-18.65,-18.14,-18.55,3,2
"155",604,0.723024183793015,0.514583333333333,0.484848484848485,0.393162393162393,-17.48,-18.38,-18.55,-17.32,3,2
"156",605,0.728704239714958,0.514583333333333,0.484848484848485,0.393162393162393,-16.58,-17.47,-20.75,-16.88,3,2
"157",606,0.734035091378578,0.514583333333333,0.484848484848485,0.393162393162393,-19.36,-15.35,-18.26,-15.78,3,2
"158",607,0.738800142488654,0.514583333333333,0.484848484848485,0.393162393162393,-17.81,-16.7,-15.66,-17.83,3,2
"159",608,0.742844557341295,0.514583333333333,0.484848484848485,0.393162393162393,-19.24,-19.05,-16.23,-17.46,3,2
"160",609,0.746256069042814,0.528455284552846,0.531645569620253,0.383333333333333,-21.52,-18.32,-17.34,-18.13,3,2
"161",610,0.748887399687438,0.528455284552846,0.531645569620253,0.383333333333333,-17.55,-17.35,-16.13,-17.77,3,2
"162",611,0.750780459833904,0.528455284552846,0.531645569620253,0.383333333333333,-15.33,-17.17,-16.69,-14.71,3,2
"163",612,0.752165881172602,0.528455284552846,0.531645569620253,0.383333333333333,-16.56,-17.12,-17.52,-17.17,3,2
"164",613,0.753037550125925,0.541666666666667,0.515151515151515,0.393162393162393,-18.21,-18.75,-18.12,-17.24,3,2
"165",614,0.753398967912678,0.541666666666667,0.515151515151515,0.393162393162393,-16.2,-19.35,-19.32,-18.06,3,2
"166",615,0.7535338134165,0.541666666666667,0.515151515151515,0.393162393162393,-18.21,-18.03,-17.87,-18.59,3,2
"167",616,0.753256946229784,0.541666666666667,0.515151515151515,0.393162393162393,-17.75,-18.97,-17.07,-18.45,3,2
"168",617,0.752552777315631,0.534979423868313,0.508547008547009,0.40506329113924,-18.76,-19.02,-19.22,-18.11,3,2
"169",618,0.751551300687059,0.534979423868313,0.508547008547009,0.40506329113924,-17.48,-19.19,-19.83,-17.46,3,2
"170",619,0.749920499430498,0.534979423868313,0.508547008547009,0.40506329113924,-16.36,-17.87,-19.57,-15.41,3,2
"171",620,0.747859045734793,0.534979423868313,0.508547008547009,0.40506329113924,-18.04,-17.59,-17.35,-14,3,2
"172",621,0.745127506901389,0.534979423868313,0.508547008547009,0.40506329113924,-16.72,-17.63,-18.65,-14.51,3,2
"173",622,0.742047852977186,0.534979423868313,0.508547008547009,0.40506329113924,-15.46,-18.02,-19.86,-16.42,3,2
"174",623,0.738458628079602,0.541666666666667,0.515151515151515,0.393162393162393,-16.78,-18.28,-18.46,-17.72,3,2
"175",624,0.734490782329592,0.521097046413502,0.460526315789474,0.398268398268398,-18.21,-18.2,-18.52,-17.72,3,2
"176",625,0.730048020196322,0.514583333333333,0.484848484848485,0.393162393162393,-18.67,-17.63,-16.66,-18.64,3,2
"177",626,0.725345067855707,0.514583333333333,0.484848484848485,0.393162393162393,-16.44,-19.37,-19.5,-20.34,3,2
"178",627,0.720286385543428,0.502032520325203,0.472573839662447,0.4,-19.3,-18.79,-18.97,-21.18,3,2
"179",628,0.715098301622943,0.490079365079365,0.460905349794239,0.390243902439024,-18.65,-18.14,-19.38,-17.95,3,2
"180",629,0.709742017434386,0.503875968992248,0.449799196787149,0.396825396825397,-18.38,-18.55,-19.39,-15.63,3,2
"181",630,0.704224235380365,0.498084291187739,0.444444444444444,0.407843137254902,-17.47,-20.75,-19.31,-17.81,3,2
"182",631,0.69880777613586,0.490079365079365,0.432098765432099,0.422764227642276,-15.35,-18.26,-15.57,-19.02,3,2
"183",632,0.693483568611876,0.464285714285714,0.403292181069959,0.40650406504065,-16.7,-15.66,-15.69,-19.09,3,2
"184",633,0.688277067148326,0.469879518072289,0.408333333333333,0.411522633744856,-19.05,-16.23,-17.9,-18.73,3,2
"185",634,0.683117606411994,0.475609756097561,0.413502109704641,0.4,-18.32,-17.34,-16.59,-16.22,3,2
"186",635,0.678024947297205,0.454732510288066,0.418803418803419,0.40506329113924,-17.35,-16.13,-15.94,-15.77,3,2
"187",636,0.67300031437744,0.449186991869919,0.413502109704641,0.40506329113924,-17.17,-16.69,-15.72,-19.17,3,2
"188",637,0.668054224494777,0.449186991869919,0.413502109704641,0.40506329113924,-17.12,-17.52,-17.14,-19.07,3,2
"189",638,0.663095957016132,0.449186991869919,0.413502109704641,0.40506329113924,-18.75,-18.12,-16.78,-17.72,3,2
"190",639,0.658280729794643,0.449186991869919,0.413502109704641,0.40506329113924,-19.35,-19.32,-17.52,-15.65,3,2
"191",640,0.653585926994142,0.449186991869919,0.413502109704641,0.40506329113924,-18.03,-17.87,-17.91,-17.88,3,2
"192",641,0.649107556849544,0.449186991869919,0.413502109704641,0.40506329113924,-18.97,-17.07,-16.64,-18.51,3,2
"193",642,0.644768405115857,0.469879518072289,0.408333333333333,0.4,-19.02,-19.22,-14.39,-19.41,3,2
"194",643,0.640487508542072,0.449186991869919,0.413502109704641,0.40506329113924,-19.19,-19.83,-17.01,-17.78,3,2
"195",644,0.636239505954861,0.449186991869919,0.413502109704641,0.40506329113924,-17.87,-19.57,-18.27,-16.61,3,2
"196",645,0.632067757986154,0.449186991869919,0.413502109704641,0.40506329113924,-17.59,-17.35,-19.51,-16.81,3,2
"197",646,0.62780698573346,0.449186991869919,0.413502109704641,0.40506329113924,-17.63,-18.65,-18.38,-18.2,3,2
"198",647,0.623433071352388,0.449186991869919,0.413502109704641,0.40506329113924,-18.02,-19.86,-20.37,-19.28,3,2
"199",648,0.618756782141667,0.449186991869919,0.413502109704641,0.40506329113924,-18.28,-18.46,-20.38,-18.14,3,2
"200",649,0.613681375211436,0.449186991869919,0.413502109704641,0.388185654008439,-18.2,-18.52,-19.94,-18.25,3,2
"201",650,0.608030851071792,0.449186991869919,0.413502109704641,0.388185654008439,-17.63,-16.66,-18.34,-18.42,3,2
"202",651,0.601645716085806,0.449186991869919,0.413502109704641,0.371308016877637,-19.37,-19.5,-16.4,-19.12,3,2
"203",652,0.594422030881892,0.443775100401606,0.408333333333333,0.366666666666667,-18.79,-18.97,-19.28,-17.71,3,2
"204",653,0.586443536529775,0.454732510288066,0.418803418803419,0.358974358974359,-18.14,-19.38,-18.55,-17.42,3,2
"205",654,0.577882430692188,0.454732510288066,0.418803418803419,0.358974358974359,-18.55,-19.39,-17.32,-18.15,3,2
"206",655,0.569183952571618,0.4875,0.424242424242424,0.363636363636364,-20.75,-19.31,-16.88,-19,3,2
"207",656,0.560540064044271,0.454732510288066,0.388888888888889,0.358974358974359,-18.26,-15.57,-15.78,-20.09,3,2
"208",657,0.55206700369657,0.460416666666667,0.393939393939394,0.346320346320346,-15.66,-15.69,-17.83,-18.95,3,2
"209",658,0.544068837245504,0.460416666666667,0.393939393939394,0.346320346320346,-16.23,-17.9,-17.46,-18.19,3,2
"210",659,0.536491339179121,0.40625,0.393939393939394,0.346320346320346,-17.34,-16.59,-18.13,-17.48,3,2
"211",660,0.529369222458213,0.401234567901235,0.418803418803419,0.341880341880342,-16.13,-15.94,-17.77,-17.96,3,2
"212",661,0.522653005013228,0.383966244725738,0.393939393939394,0.333333333333333,-16.69,-15.72,-14.71,-17.55,3,2
"213",662,0.516220822472549,0.361111111111111,0.433333333333333,0.367149758454106,-17.52,-17.14,-17.17,-16.94,3,2
"214",663,0.509968114626775,0.323383084577114,0.466666666666667,0.348717948717949,-18.12,-16.78,-17.24,-17.78,3,2
"215",664,0.503876007360494,0.328282828282828,0.466666666666667,0.333333333333333,-19.32,-17.52,-18.06,-18.28,3,2
"216",665,0.497762915193001,0.244623655913978,0.497267759562842,0.333333333333333,-17.87,-17.91,-18.59,-17.46,3,2
"217",666,0.49166746635401,0.240740740740741,0.489247311827957,0.327868852459016,-17.07,-16.64,-18.45,-17.31,3,2
"218",667,0.485572017515019,0.257062146892655,0.442528735632184,0.350877192982456,-19.22,-14.39,-18.11,-16.3,3,2
"219",668,0.479320895869019,0.309523809523809,0.424242424242424,0.345679012345679,-19.83,-17.01,-17.46,-17.91,3,2
"220",669,0.473101170590922,0.293785310734463,0.368421052631579,0.404761904761905,-19.57,-18.27,-15.41,-16.98,3,2
"221",670,0.466857603565849,0.288888888888889,0.362068965517241,0.421052631578947,-17.35,-19.51,-14,-19.85,3,2
"222",671,0.460755417374324,0.304093567251462,0.381818181818182,0.419753086419753,-18.65,-18.38,-14.51,-20,3,2
"223",672,0.454614680175661,0.320987654320988,0.358974358974359,0.392156862745098,-19.86,-20.37,-16.42,-18.82,3,2
"224",673,0.448691658535249,0.367924528301887,0.320261437908497,0.4,-18.46,-20.38,-17.72,-17.37,3,2
"225",674,0.442937445493339,0.382352941176471,0.326666666666667,0.408163265306122,-18.52,-19.94,-17.72,-17.1,3,2
"226",675,0.43755155257425,0.309523809523809,0.291666666666667,0.397163120567376,-16.66,-18.34,-18.64,-17.75,3,2
"227",676,0.432404238233846,0.309523809523809,0.291666666666667,0.368794326241135,-19.5,-16.4,-20.34,-17.69,3,2
"228",677,0.427531553664753,0.346666666666667,0.285714285714286,0.353741496598639,-18.97,-19.28,-21.18,-17.29,3,2
"229",678,0.42300327113443,0.309523809523809,0.243055555555556,0.361111111111111,-19.38,-18.55,-17.95,-18.43,3,2
"230",679,0.418845330517573,0.315972222222222,0.198581560283688,0.368794326241135,-19.39,-17.32,-15.63,-18.82,3,2
"231",680,0.415024490590921,0.322695035460993,0.202898550724638,0.347826086956522,-19.31,-16.88,-17.81,-18.49,3,2
"232",681,0.411453684911054,0.361111111111111,0.170731707317073,0.357723577235772,-15.57,-15.78,-19.02,-18.09,3,2
"233",682,0.408104311188734,0.385185185185185,0.162790697674419,0.333333333333333,-15.69,-17.83,-19.09,-18.29,3,2
"234",683,0.404957774375448,0.337037037037037,0.162790697674419,0.333333333333333,-17.9,-17.46,-18.73,-18.71,3,2
"235",684,0.402012221062274,0.352713178294574,0.113821138211382,0.349206349206349,-16.59,-18.13,-16.22,-18.97,3,2
"236",685,0.399167045252398,0.34469696969697,0.111111111111111,0.341085271317829,-15.94,-17.77,-15.77,-17.44,3,2
"237",686,0.396425296724865,0.34469696969697,0.111111111111111,0.341085271317829,-15.72,-14.71,-19.17,-16.4,3,2
"238",687,0.393695108940327,0.34469696969697,0.111111111111111,0.341085271317829,-17.14,-17.17,-19.07,-17.16,3,2
"239",688,0.390977098751769,0.34469696969697,0.111111111111111,0.341085271317829,-16.78,-17.24,-17.72,-18.07,3,2
"240",689,0.388194491834554,0.352713178294574,0.113821138211382,0.317460317460317,-17.52,-18.06,-15.65,-19.65,3,2
"241",690,0.38530318414314,0.352713178294574,0.113821138211382,0.317460317460317,-17.91,-18.59,-17.88,-18.76,3,2
"242",691,0.382295068132278,0.352713178294574,0.113821138211382,0.317460317460317,-16.64,-18.45,-18.51,-18.56,3,2
"243",692,0.379155397197643,0.352713178294574,0.113821138211382,0.317460317460317,-14.39,-18.11,-19.41,-18.13,3,2
"244",693,0.375884539756237,0.352713178294574,0.113821138211382,0.317460317460317,-17.01,-17.46,-17.78,-17.57,3,2
"245",694,0.3724602044057,0.352713178294574,0.113821138211382,0.317460317460317,-18.27,-15.41,-16.61,-16.8,3,2
"246",695,0.368942563798547,0.352713178294574,0.113821138211382,0.317460317460317,-19.51,-14,-16.81,-16.52,3,2
"247",696,0.36536958152781,0.352713178294574,0.113821138211382,0.317460317460317,-18.38,-14.51,-18.2,-16.48,3,2
"248",697,0.361753601972373,0.352713178294574,0.113821138211382,0.317460317460317,-20.37,-16.42,-19.28,-16.05,3,2
"249",698,0.358241403104313,0.34469696969697,0.111111111111111,0.341085271317829,-20.38,-17.72,-18.14,-16.16,3,2
"250",699,0.354943623132154,0.34469696969697,0.111111111111111,0.341085271317829,-19.94,-17.72,-18.25,-16.95,3,2
"251",700,0.351973239825304,0.34469696969697,0.111111111111111,0.341085271317829,-18.34,-18.64,-18.42,-17.95,3,2
"252",701,0.349435658992792,0.34469696969697,0.111111111111111,0.341085271317829,-16.4,-20.34,-19.12,-14.76,3,2
"253",702,0.347496927383991,0.361111111111111,0.116666666666667,0.357723577235772,-19.28,-21.18,-17.71,-18.05,3,2
"254",703,0.346099273133402,0.352713178294574,0.170731707317073,0.349206349206349,-18.55,-17.95,-17.42,-18.12,3,2
"255",704,0.345212536152608,0.352713178294574,0.170731707317073,0.349206349206349,-17.32,-15.63,-18.15,-16.76,3,2
"256",705,0.344790471201532,0.361111111111111,0.170731707317073,0.357723577235772,-16.88,-17.81,-19,-16.34,3,2
"257",706,0.344714186095267,0.361111111111111,0.170731707317073,0.357723577235772,-15.78,-19.02,-20.09,-16.71,3,2
"258",707,0.345054820963928,0.34469696969697,0.162790697674419,0.372093023255814,-17.83,-19.09,-18.95,-17.03,3,2
"259",708,0.345657807040106,0.34469696969697,0.162790697674419,0.372093023255814,-17.46,-18.73,-18.19,-16.16,3,2
"260",709,0.346422253048623,0.34469696969697,0.162790697674419,0.372093023255814,-18.13,-16.22,-17.48,-17.33,3,2
"261",710,0.347344720197384,0.329710144927536,0.155555555555556,0.355555555555556,-17.77,-15.77,-17.96,-18.22,3,2
"262",711,0.348278484009959,0.329710144927536,0.155555555555556,0.355555555555556,-14.71,-19.17,-17.55,-17.18,1,2
"263",712,0.349166296382761,0.329710144927536,0.155555555555556,0.355555555555556,-17.17,-19.07,-16.94,-18.31,1,2
"264",713,0.349901498143741,0.34469696969697,0.162790697674419,0.372093023255814,-17.24,-17.72,-17.78,-18.11,1,2
"265",714,0.350499734028551,0.34469696969697,0.162790697674419,0.372093023255814,-18.06,-15.65,-18.28,-18.6,1,2
"266",715,0.350885737418979,0.352713178294574,0.166666666666667,0.349206349206349,-18.59,-17.88,-17.46,-17.44,1,2
"267",716,0.351139269159541,0.352713178294574,0.166666666666667,0.349206349206349,-18.45,-18.51,-17.31,-16.9,1,2
"268",717,0.351315247896652,0.361111111111111,0.170731707317073,0.357723577235772,-18.11,-19.41,-16.3,-17.54,1,2
"269",718,0.351367154427301,0.385185185185185,0.162790697674419,0.333333333333333,-17.46,-17.78,-17.91,-18.6,1,2
"270",719,0.351310662239757,0.368794326241135,0.155555555555556,0.318840579710145,-15.41,-16.61,-16.98,-17.57,1,2
"271",720,0.351194733535499,0.337037037037037,0.162790697674419,0.333333333333333,-14,-16.81,-19.85,-17.96,1,2
"272",721,0.35107880483124,0.34469696969697,0.111111111111111,0.341085271317829,-14.51,-18.2,-20,-19,1,2
"273",722,0.350914908086,0.34469696969697,0.111111111111111,0.341085271317829,-16.42,-19.28,-18.82,-17.79,1,2
"274",723,0.350721715950163,0.352713178294574,0.113821138211382,0.317460317460317,-17.72,-18.14,-17.37,-18.19,1,2
"275",724,0.350574099947548,0.352713178294574,0.113821138211382,0.317460317460317,-17.72,-18.25,-17.1,-17.81,1,2
"276",725,0.350427034155133,0.361111111111111,0.116666666666667,0.32520325203252,-18.64,-18.42,-17.75,-19.67,1,2
"277",726,0.350351172994307,0.361111111111111,0.116666666666667,0.32520325203252,-20.34,-19.12,-17.69,-17.57,1,2
"278",727,0.35039118389277,0.34469696969697,0.111111111111111,0.317460317460317,-21.18,-17.71,-17.29,-16.31,1,2
"279",728,0.350435927050056,0.352713178294574,0.113821138211382,0.292682926829268,-17.95,-17.42,-18.43,-16.35,1,2
"280",729,0.35048166407362,0.352713178294574,0.113821138211382,0.292682926829268,-15.63,-18.15,-18.82,-16.96,1,2
"281",730,0.350556390993084,0.361111111111111,0.116666666666667,0.3,-17.81,-19,-18.49,-18.38,1,2
"282",731,0.350651857625699,0.369918699186992,0.11965811965812,0.307692307692308,-19.02,-20.09,-18.09,-17.45,1,2
"283",732,0.350631158697169,0.388888888888889,0.126126126126126,0.324324324324324,-19.09,-18.95,-18.29,-15.45,1,2
"284",733,0.350543522816907,0.399122807017544,0.12962962962963,0.333333333333333,-18.73,-18.19,-18.71,-17.87,1,2
"285",734,0.350364845969569,0.388888888888889,0.126126126126126,0.36036036036036,-16.22,-17.48,-18.97,-18.89,1,2
"286",735,0.350109513135605,0.351351351351351,0.133333333333333,0.333333333333333,-15.77,-17.96,-17.44,-18.5,1,2
"287",736,0.349773706136787,0.361111111111111,0.137254901960784,0.342857142857143,-19.17,-17.55,-16.4,-18.36,1,2
"288",737,0.34943789913797,0.351351351351351,0.133333333333333,0.37037037037037,-19.07,-16.94,-17.16,-17.04,1,2
"289",738,0.349049693657582,0.351351351351351,0.133333333333333,0.37037037037037,-17.72,-17.78,-18.07,-17.16,1,2
"290",739,0.348639269517177,0.342105263157895,0.12962962962963,0.36036036036036,-15.65,-18.28,-19.65,-17.58,1,2
"291",740,0.348113287613494,0.342105263157895,0.12962962962963,0.36036036036036,-17.88,-17.46,-18.76,-17.59,1,2
"292",741,0.347483599217204,0.351351351351351,0.133333333333333,0.333333333333333,-18.51,-17.31,-18.56,-16.79,1,2
"293",742,0.346624028319084,0.371428571428571,0.0707070707070707,0.352941176470588,-19.41,-16.3,-18.13,-15.97,1,2
"294",743,0.345462735917756,0.393939393939394,0.0752688172043011,0.333333333333333,-17.78,-17.91,-17.57,-15.61,1,2
"295",744,0.34388793365063,0.393939393939394,0.0752688172043011,0.333333333333333,-16.61,-16.98,-16.8,-16.06,1,2
"296",745,0.341949029182838,0.393939393939394,0.0752688172043011,0.333333333333333,-16.81,-19.85,-16.52,-14.3,1,2
"297",746,0.339698800353098,0.393939393939394,0.0752688172043011,0.333333333333333,-18.2,-20,-16.48,-15.48,1,2
"298",747,0.33709048852608,0.382352941176471,0.0729166666666667,0.323232323232323,-19.28,-18.82,-16.05,-16.5,1,2
"299",748,0.334210627134309,0.382352941176471,0.0729166666666667,0.323232323232323,-18.14,-17.37,-16.16,-15.68,1,2
"300",749,0.331156151823533,0.382352941176471,0.0729166666666667,0.323232323232323,-18.25,-17.1,-16.95,-16.2,1,2
"301",750,0.327862760575704,0.382352941176471,0.0729166666666667,0.323232323232323,-18.42,-17.75,-17.95,-17.02,1,1
"302",751,0.324375420154822,0.382352941176471,0.0729166666666667,0.323232323232323,-19.12,-17.69,-14.76,-17.47,1,1
"303",752,0.320846578174328,0.371428571428571,0.0707070707070707,0.352941176470588,-17.71,-17.29,-18.05,-17.35,1,1
"304",753,0.317291316684769,0.361111111111111,0.137254901960784,0.342857142857143,-17.42,-18.43,-18.12,-15.51,1,1
"305",754,0.313791440377925,0.371428571428571,0.0707070707070707,0.352941176470588,-18.15,-18.82,-16.76,-17.14,1,1
"306",755,0.310406753290178,0.361111111111111,0.137254901960784,0.342857142857143,-19,-18.49,-16.34,-18.79,1,1
"307",756,0.307230188762778,0.351351351351351,0.133333333333333,0.333333333333333,-20.09,-18.09,-16.71,-15.65,1,1
"308",757,0.304187369725428,0.342105263157895,0.12962962962963,0.36036036036036,-18.95,-18.29,-17.03,-17.45,1,1
"309",758,0.301271008185602,0.342105263157895,0.12962962962963,0.36036036036036,-18.19,-18.71,-16.16,-19.82,1,1
"310",759,0.298560454352858,0.342105263157895,0.12962962962963,0.36036036036036,-17.48,-18.97,-17.33,-21.27,1,1
"311",760,0.296084945553285,0.342105263157895,0.12962962962963,0.36036036036036,-17.96,-17.44,-18.22,-19.23,1,1
"312",761,0.293655788740076,0.342105263157895,0.12962962962963,0.36036036036036,-17.55,-16.4,-17.18,-18.8,1,1
"313",762,0.291289957761818,0.342105263157895,0.12962962962963,0.36036036036036,-16.94,-17.16,-18.31,-18.03,1,1
"314",763,0.288899736134237,0.361111111111111,0.137254901960784,0.342857142857143,-17.78,-18.07,-18.11,-17.72,1,1
"315",764,0.286512441710348,0.371428571428571,0.0707070707070707,0.352941176470588,-18.28,-19.65,-18.6,-18.27,1,1
"316",765,0.28399169285072,0.393939393939394,0.0752688172043011,0.333333333333333,-17.46,-18.76,-17.44,-18.09,1,1
"317",766,0.281258977097884,0.393939393939394,0.0752688172043011,0.333333333333333,-17.31,-18.56,-16.9,-19.08,1,1
"318",767,0.278157962437238,0.40625,0.0777777777777778,0.344086021505376,-16.3,-18.13,-17.54,-18.82,1,1
"319",768,0.274802605077572,0.40625,0.0777777777777778,0.355555555555556,-17.91,-17.57,-18.6,-19.91,1,1
"320",769,0.271198326994618,0.40625,0.0777777777777778,0.355555555555556,-16.98,-16.8,-17.57,-19.64,1,1
"321",770,0.267363111285616,0.433333333333333,0.0833333333333333,0.380952380952381,-19.85,-16.52,-17.96,-17.38,1,1
"322",771,0.263193979821551,0.433333333333333,0.0833333333333333,0.380952380952381,-20,-16.48,-19,-18.3,1,1
"323",772,0.258887161257258,0.448275862068965,0.0864197530864197,0.395061728395062,-18.82,-16.05,-17.79,-17.9,1,1
"324",773,0.254386180238289,0.464285714285714,0,0.41025641025641,-17.37,-16.16,-18.19,-17.32,1,1
"325",774,0.249647204411473,0.464285714285714,0,0.41025641025641,-17.1,-16.95,-17.81,-18.5,1,1
"326",775,0.244752371825642,0.464285714285714,0,0.41025641025641,-17.75,-17.95,-19.67,-18.75,1,1
"327",776,0.239629880493265,0.464285714285714,0,0.41025641025641,-17.69,-14.76,-17.57,-19.12,1,1
"328",777,0.234323535431788,0.464285714285714,0,0.41025641025641,-17.29,-18.05,-16.31,-20.64,1,1
"329",778,0.228835110626888,0.448275862068965,0.0864197530864197,0.395061728395062,-18.43,-18.12,-16.35,-19.02,1,1
"330",779,0.223173474302389,0.433333333333333,0.0833333333333333,0.380952380952381,-18.82,-16.76,-16.96,-18.57,1,1
"331",780,0.217327225705285,0.433333333333333,0.0833333333333333,0.380952380952381,-18.49,-16.34,-18.38,-19.39,1,1
"332",781,0.211255702979004,0.40625,0.0777777777777778,0.355555555555556,-18.09,-16.71,-17.45,-19.61,1,1
"333",782,0.205143203889467,0.433333333333333,0.0833333333333333,0.380952380952381,-18.29,-17.03,-15.45,-17.88,1,1
"334",783,0.198913331803997,0.40625,0.0777777777777778,0.355555555555556,-18.71,-16.16,-17.87,-16.9,1,1
"335",784,0.19260866804096,0.40625,0.0777777777777778,0.355555555555556,-18.97,-17.33,-18.89,-16.4,1,1
"336",785,0.186275069044154,0.40625,0.0777777777777778,0.355555555555556,-17.44,-18.22,-18.5,-18.53,1,1
"337",786,0.179913075921305,0.40625,0.0777777777777778,0.355555555555556,-16.4,-17.18,-18.36,-17.24,1,1
"338",787,0.173551082798457,0.40625,0.0777777777777778,0.355555555555556,-17.16,-18.31,-17.04,-17.36,1,1
"339",788,0.167204183450989,0.40625,0.0777777777777778,0.355555555555556,-18.07,-18.11,-17.16,-17.19,1,1
"340",789,0.160894890891337,0.40625,0.0777777777777778,0.355555555555556,-19.65,-18.6,-17.58,-17.94,1,1
"341",790,0.154747394345339,0.433333333333333,0.0833333333333333,0.380952380952381,-18.76,-17.44,-17.59,-19.68,1,1
"342",791,0.148766966451261,0.448275862068965,0.0864197530864197,0.395061728395062,-18.56,-16.9,-16.79,-19.86,1,1
"343",792,0.143067177989112,0.464285714285714,0,0.41025641025641,-18.13,-17.54,-15.97,-18.76,1,1
"344",793,0.137705822058628,0.481481481481481,0,0.373333333333333,-17.57,-18.6,-15.61,-15.08,1,1
"345",794,0.13286574334541,0.481481481481481,0,0.373333333333333,-16.8,-17.57,-16.06,-15.24,1,1
"346",795,0.128454004661142,0.5,0,0.388888888888889,-16.52,-17.96,-14.3,-15.8,2,1
"347",796,0.124476184650603,0.5,0,0.388888888888889,-16.48,-19,-15.48,-16.81,2,1
"348",797,0.120921592740954,0.5,0,0.388888888888889,-16.05,-17.79,-16.5,-17.88,2,1
"349",798,0.117665380338639,0.492424242424242,0,0.317460317460317,-16.16,-18.19,-15.68,-17.35,2,1
"350",799,0.114643919863606,0.515873015873016,0,0.333333333333333,-16.95,-17.81,-16.2,-17.44,2,1
"351",800,0.111818828814058,0.515873015873016,0,0.333333333333333,-17.95,-19.67,-17.02,-19.22,2,1
"352",801,0.109087950972466,0.515873015873016,0,0.333333333333333,-14.76,-17.57,-17.47,-18.23,2,1
"353",802,0.106283208722872,0.570175438596491,0,0.37037037037037,-18.05,-16.31,-17.35,-15.84,2,1
"354",803,0.103369576236629,0.481481481481481,0,0.313725490196078,-18.12,-16.35,-15.51,-16.84,2,1
"355",804,0.10028962247104,0.481481481481481,0,0.313725490196078,-16.76,-16.96,-17.14,-18.87,2,1
"356",805,0.0970231190811251,0.481481481481481,0,0.313725490196078,-16.34,-18.38,-18.79,-18.37,2,1
"357",806,0.0934643830569949,0.40625,0,0.355555555555556,-16.71,-17.45,-15.65,-18.53,2,1
"358",807,0.0897380774334402,0.40625,0,0.355555555555556,-17.03,-15.45,-17.45,-18.62,2,1
"359",808,0.0858140807986955,0.40625,0,0.355555555555556,-16.16,-17.87,-19.82,-19.01,2,1
"360",809,0.0816884606790663,0.40625,0,0.355555555555556,-17.33,-18.89,-21.27,-19.53,2,1
"361",810,0.0773532810665907,0.40625,0,0.355555555555556,-18.22,-18.5,-19.23,-18.82,2,1
"362",811,0.073018101454115,0.40625,0,0.355555555555556,-17.18,-18.36,-18.8,-18.51,2,1
"363",812,0.0686829218416392,0.5,0,0.444444444444444,-18.31,-17.04,-18.03,-18.17,2,1
"364",813,0.0644709507455209,0.5,0,0.444444444444444,-18.11,-17.16,-17.72,-16.48,2,1
"365",814,0.0603461439794892,0.5,0,0.484848484848485,-18.6,-17.58,-18.27,-17.45,2,1
"366",815,0.0565261249784685,0.5,0,0.484848484848485,-17.44,-17.59,-18.09,-19.13,2,1
"367",816,0.0530070240767826,0.5,0,0.484848484848485,-16.9,-16.79,-19.08,-18.89,2,1
"368",817,0.0498982883486191,0.5,0,0.484848484848485,-17.54,-15.97,-18.82,-17.98,2,1
"369",818,0.0471612833898069,0.5,0,0.484848484848485,-18.6,-15.61,-19.91,-16.67,2,1
"370",819,0.044723580183157,0.5,0,0.484848484848485,-17.57,-16.06,-19.64,-16.57,2,1
"371",820,0.0425776106552957,0.5,0,0.484848484848485,-17.96,-14.3,-17.38,-16.21,2,1
"372",821,0.0407438787013206,0.361111111111111,0,0.533333333333333,-19,-15.48,-18.3,-16.32,2,1
"373",822,0.0391237761033938,0.361111111111111,0,0.533333333333333,-17.79,-16.5,-17.9,-17.43,2,1
"374",823,0.0377413827628186,0.361111111111111,0,0.533333333333333,-18.19,-15.68,-17.32,-17.77,2,1
"375",824,0.0365224096735345,0.361111111111111,0,0.533333333333333,-17.81,-16.2,-18.5,-17.69,2,1
"376",825,0.0354592933432646,0.361111111111111,0,0.533333333333333,-19.67,-17.02,-18.75,-17.57,2,1
"377",826,0.0345419208423345,0.361111111111111,0,0.533333333333333,-17.57,-17.47,-19.12,-17.05,2,1
"378",827,0.0337192428656914,0.5,0,0.484848484848485,-16.31,-17.35,-20.64,-16.87,2,1
"379",828,0.0330025504783697,0.5,0,0.484848484848485,-16.35,-15.51,-19.02,-16.91,2,1
"380",829,0.0323864156134276,0.5,0,0.444444444444444,-16.96,-17.14,-18.57,-17.51,2,1
"381",830,0.0318157510271204,0.5,0,0.444444444444444,-18.38,-18.79,-19.39,-18.22,2,1
"382",831,0.031341505568022,0.464285714285714,0,0.41025641025641,-17.45,-15.65,-19.61,-17.97,2,1
"383",832,0.0308990982890564,0.5,0,0.444444444444444,-15.45,-17.45,-17.88,-19.12,2,1
"384",833,0.0305180692873257,0.464285714285714,0,0.41025641025641,-17.87,-19.82,-16.9,-18.14,2,1
"385",834,0.0301500263602064,0.5,0,0.444444444444444,-18.89,-21.27,-16.4,-17.73,2,1
"386",835,0.029810918666857,0.5,0,0.444444444444444,-18.5,-19.23,-18.53,-18.45,2,1
"387",836,0.0295198681673009,0.5,0,0.444444444444444,-18.36,-18.8,-17.24,-14.75,2,1
"388",837,0.029249166467699,0.40625,0,0.355555555555556,-17.04,-18.03,-17.36,-16.93,2,1
"389",838,0.0290263938503548,0.464285714285714,0,0.41025641025641,-17.16,-17.72,-17.19,-18.89,2,1
"390",839,0.0288756603767315,0.5,0,0.444444444444444,-17.58,-18.27,-17.94,-18.78,2,1
"391",840,0.0288336033042823,0.5,0,0.444444444444444,-17.59,-18.09,-19.68,-18.44,2,1
"392",841,0.0289144223421522,0.5,0,0.484848484848485,-16.79,-19.08,-19.86,-18.26,2,1
"393",842,0.0291377187233621,0.5,0,0.484848484848485,-15.97,-18.82,-18.76,-18,2,1
"394",843,0.0295347684603522,0.361111111111111,0,0.533333333333333,-15.61,-19.91,-15.08,-16.9,2,1
"395",844,0.0301118327895485,0.361111111111111,0,0.533333333333333,-16.06,-19.64,-15.24,-17.56,2,1
"396",845,0.0308810412231645,0.361111111111111,0,0.533333333333333,-14.3,-17.38,-15.8,-17.61,2,1
"397",846,0.0318128152105161,0.361111111111111,0,0.533333333333333,-15.48,-18.3,-16.81,-17.32,2,1
"398",847,0.0329137212048686,0.361111111111111,0,0.533333333333333,-16.5,-17.9,-17.88,-16.94,2,1
"399",848,0.0341398105614831,0.361111111111111,0,0.533333333333333,-15.68,-17.32,-17.35,-17.66,2,1
"400",849,0.0354879399603384,0.361111111111111,0,0.533333333333333,-16.2,-18.5,-17.44,-18.12,2,1
"401",850,0.0368803227421248,0.361111111111111,0,0.533333333333333,-17.02,-18.75,-19.22,-18.57,2,1
"402",851,0.0382727055239112,0.361111111111111,0,0.533333333333333,-17.47,-19.12,-18.23,-17.83,2,1
"403",852,0.0396447395057434,0.361111111111111,0,0.533333333333333,-17.35,-20.64,-15.84,-17.32,2,1
"404",853,0.0409269005939211,0.361111111111111,0,0.533333333333333,-15.51,-19.02,-16.84,-18.24,2,1
"405",854,0.0420519493153421,0.361111111111111,0,0.533333333333333,-17.14,-18.57,-18.87,-19.85,2,1
"406",855,0.0430158078644975,0.361111111111111,0,0.533333333333333,-18.79,-19.39,-18.37,-19.99,2,1
"407",856,0.0438459409108492,0.361111111111111,0,0.533333333333333,-15.65,-19.61,-18.53,-17.39,2,1
"408",857,0.0445203959255068,0.361111111111111,0,0.533333333333333,-17.45,-17.88,-18.62,-17.59,2,1
"409",858,0.0450757118718728,0.361111111111111,0,0.533333333333333,-19.82,-16.9,-19.01,-17.93,2,1
"410",859,0.0455332111283802,0.361111111111111,0,0.533333333333333,-21.27,-16.4,-19.53,-17.46,2,1
"411",860,0.0459391029321096,0.361111111111111,0,0.533333333333333,-19.23,-18.53,-18.82,-17.3,2,1
"412",861,0.0463114814448977,0.361111111111111,0,0.533333333333333,-18.8,-17.24,-18.51,-18.53,2,1
"413",862,0.046717373248627,0.361111111111111,0,0.533333333333333,-18.03,-17.36,-18.17,-19.38,2,1
"414",863,0.0471506270403741,0.5,0,0.484848484848485,-17.72,-17.19,-16.48,-19.03,2,1
"415",864,0.0477133273406494,0.5,0,0.484848484848485,-18.27,-17.94,-17.45,-18.91,2,1
"416",865,0.0483718444938737,0.5,0,0.444444444444444,-18.09,-19.68,-19.13,-19.36,2,1
"417",866,0.0491623424177809,0.40625,0,0.355555555555556,-19.08,-19.86,-18.89,-18.26,2,1
"418",867,0.0500983308738528,0.481481481481481,0,0.313725490196078,-18.82,-18.76,-17.98,-17.53,2,1
"419",868,0.051135305269052,0.570175438596491,0,0.37037037037037,-19.91,-15.08,-16.67,-17.54,2,1
"420",869,0.0522579624705413,0.515873015873016,0,0.333333333333333,-19.64,-15.24,-16.57,-18.77,2,1
"421",870,0.0534031018829798,0.515873015873016,0,0.333333333333333,-17.38,-15.8,-16.21,-19.12,2,1
"422",871,0.0545319709685279,0.515873015873016,0,0.333333333333333,-18.3,-16.81,-16.32,-18.21,2,1
"423",872,0.0555974277146188,0.515873015873016,0,0.333333333333333,-17.9,-17.88,-17.43,-17.32,2,1
"424",873,0.0565909048578685,0.492424242424242,0,0.317460317460317,-17.32,-17.35,-17.77,-18,2,1
"425",874,0.0574379137382662,0.5,0,0.388888888888889,-18.5,-17.44,-17.69,-18.61,2,1
"426",875,0.0581140453024472,0.5,0,0.388888888888889,-18.75,-19.22,-17.57,-19.02,2,1
"427",876,0.0586263673666862,0.5,0,0.388888888888889,-19.12,-18.23,-17.05,-19.32,2,1
"428",877,0.0589871509808371,0.5,0,0.388888888888889,-20.64,-15.84,-16.87,-18.46,2,1
"429",878,0.059230907332991,0.515873015873016,0,0.333333333333333,-19.02,-16.84,-16.91,-17.58,2,1
"430",879,0.0593582737014359,0.515873015873016,0,0.333333333333333,-18.57,-18.87,-17.51,-15.94,2,1
"431",880,0.0594107740624921,0.515873015873016,0,0.333333333333333,-19.39,-18.37,-18.22,-16.98,2,1
"432",881,0.0594004075669759,0.515873015873016,0,0.333333333333333,-19.61,-18.53,-17.97,-17.23,2,1
"433",882,0.0593522250994935,0.515873015873016,0,0.333333333333333,-17.88,-18.62,-19.12,-17.37,2,1
"434",883,0.0592782409354486,0.570175438596491,0,0.37037037037037,-16.9,-19.01,-18.14,-18.04,2,1
"435",884,0.0591969388676156,0.570175438596491,0,0.37037037037037,-16.4,-19.53,-17.73,-17.69,2,1
"436",885,0.0591156367997826,0.481481481481481,0,0.313725490196078,-18.53,-18.82,-18.45,-18.57,2,1
"437",886,0.0590146716641981,0.570175438596491,0,0.37037037037037,-17.24,-18.51,-14.75,-18.1,2,1
"438",887,0.0588933577286593,0.541666666666667,0,0.350877192982456,-17.36,-18.17,-16.93,-17.46,2,1
"439",888,0.0587614194170538,0.515873015873016,0,0.333333333333333,-17.19,-16.48,-18.89,-19.12,2,1
"440",889,0.0585926064806726,0.515873015873016,0,0.333333333333333,-17.94,-17.45,-18.78,-19.98,2,1
"441",890,0.058351803075874,0.515873015873016,0,0.333333333333333,-19.68,-19.13,-18.44,-17.9,2,1
"442",891,0.0579883265206071,0.515873015873016,0,0.333333333333333,-19.86,-18.89,-18.26,-17.74,2,1
"443",892,0.0574918852656788,0.515873015873016,0,0.333333333333333,-18.76,-17.98,-18,-19.57,2,1
"444",893,0.0568553429025163,0.515873015873016,0,0.333333333333333,-15.08,-16.67,-16.9,-18.97,2,1
"445",894,0.0560309329992261,0.515873015873016,0,0.333333333333333,-15.24,-16.57,-17.56,-17.56,2,1
"446",895,0.054997136778766,0.515873015873016,0,0.333333333333333,-15.8,-16.21,-17.61,-16.75,2,1
"447",896,0.0537770525425662,0.515873015873016,0,0.333333333333333,-16.81,-16.32,-17.32,-18.5,2,1
"448",897,0.0523708856376917,0.515873015873016,0,0.333333333333333,-17.88,-17.43,-16.94,-16.72,2,1
"449",898,0.0508224749637868,0.515873015873016,0,0.333333333333333,-17.35,-17.77,-17.66,-17.14,2,1
"450",899,0.0491206122069723,0.541666666666667,0,0.350877192982456,-17.44,-17.69,-18.12,-18.15,2,1
"451",900,0.0473524451460934,0.481481481481481,0,0.313725490196078,-19.22,-17.57,-18.57,-19.35,2,1
"452",901,0.0455902285400626,0.40625,0,0.355555555555556,-18.23,-17.05,-17.83,-18.79,2,1
"453",902,0.043872429780302,0.5,0,0.444444444444444,-15.84,-16.87,-17.32,-18.11,2,1
"454",903,0.0423251247964192,0.5,0,0.484848484848485,-16.84,-16.91,-18.24,-17.22,2,1
"455",904,0.041112612648335,0.361111111111111,0,0.533333333333333,-18.87,-17.51,-19.85,-16.62,2,1
"456",905,0.0402821630484121,0.393939393939394,0,0.592592592592593,-18.37,-18.22,-19.99,-17.21,2,1
"457",906,0.0399138826111391,0.393939393939394,0,0.592592592592593,-18.53,-17.97,-17.39,-18.22,2,1
"458",907,0.040073584266667,0.393939393939394,0,0.592592592592593,-18.62,-19.12,-17.59,-18.63,2,1
"459",908,0.0407178056029442,0.393939393939394,0,0.592592592592593,-19.01,-18.14,-17.93,-17.94,2,1
"460",909,0.0418307733761221,0.393939393939394,0,0.592592592592593,-19.53,-17.73,-17.46,-17.54,2,1
"461",910,0.0433037758386743,0.393939393939394,0,0.592592592592593,-18.82,-18.45,-17.3,-17.44,2,1
"462",911,0.0449784830916148,0.393939393939394,0,0.592592592592593,-18.51,-14.75,-18.53,-17.46,2,1
"463",912,0.0467899466945368,0.393939393939394,0,0.592592592592593,-18.17,-16.93,-19.38,-17.06,2,1
"464",913,0.0486594254307839,0.393939393939394,0,0.592592592592593,-16.48,-18.89,-19.03,-16.42,2,1
"465",914,0.0504114302603773,0.393939393939394,0,0.592592592592593,-17.45,-18.78,-18.91,-16.92,2,1
"466",915,0.0520943496858363,0.393939393939394,0,0.592592592592593,-19.13,-18.44,-19.36,-18.66,2,1
"467",916,0.053631980851824,0.433333333333333,0,0.666666666666667,-18.89,-18.26,-18.26,-18.74,2,1
"468",917,0.055016470683395,0.433333333333333,0,0.666666666666667,-17.98,-18,-17.53,-18.31,2,1
"469",918,0.056274620034407,0.393939393939394,0.233333333333333,0.592592592592593,-16.67,-16.9,-17.54,-18.56,2,1
"470",919,0.0573247189956075,0.240740740740741,0.291666666666667,0.571428571428571,-16.57,-17.56,-18.77,-18.71,2,1
"471",920,0.0581185684493873,0.240740740740741,0.291666666666667,0.571428571428571,-16.21,-17.61,-19.12,-18.66,2,1
"472",921,0.0587096504455842,0.240740740740741,0.291666666666667,0.666666666666667,-16.32,-17.32,-18.21,-18.5,2,1
"473",922,0.0590412509557734,0.270833333333333,0.333333333333333,0.533333333333333,-17.43,-16.94,-17.32,-17.98,2,1
"474",923,0.0590993083619802,0.270833333333333,0.333333333333333,0.533333333333333,-17.77,-17.66,-18,-18,2,1
"475",924,0.0589475386890678,0.361111111111111,0.466666666666667,0.333333333333333,-17.69,-18.12,-18.61,-17.11,2,1
"476",925,0.0587146751501125,0.270833333333333,0.333333333333333,0.222222222222222,-17.57,-18.57,-19.02,-17.6,2,1
"477",926,0.0584157352696112,0.309523809523809,0.388888888888889,0,-17.05,-17.83,-19.32,-18.27,2,1
"478",927,0.0581336142035486,0.270833333333333,0.875,0,-16.87,-17.32,-18.46,-17.54,2,1
"479",928,0.0578409452896936,0.270833333333333,0.875,0,-16.91,-18.24,-17.58,-17.53,2,1
"480",929,0.0576188398079687,0,0.875,0,-17.51,-19.85,-15.94,-18.93,2,1
"481",930,0.0575376722727913,0,0.875,0,-18.22,-19.99,-16.98,-18.17,2,1
"482",931,0.0576797678650952,0,0.875,0,-17.97,-17.39,-17.23,-17.52,2,1
"483",932,0.0585256208810456,0,0.875,0,-19.12,-17.59,-17.37,-18.22,2,1
"484",933,0.0608066424214,0,0.875,0,-18.14,-17.93,-18.04,-19.36,2,1
"485",934,0.0640312662756398,0,1,0,-17.73,-17.46,-17.69,-18.89,2,1
"486",935,0.0669675447769795,0,1,0,-18.45,-17.3,-18.57,-17.36,2,1
"487",936,0.0691011103152326,0,1,0,-14.75,-18.53,-18.1,-17.13,2,1
"488",937,0.0705560564466935,0,1,0,-16.93,-19.38,-17.46,-17.9,2,1
"489",938,0.0715913226815418,0,1,0,-18.89,-19.03,-19.12,-18.38,2,1
"490",939,0.0724019222393149,0,1,0,-18.78,-18.91,-19.98,-18.59,2,1
"491",940,0.0731334092166944,0,1,0,-18.44,-19.36,-17.9,-18.96,2,1
"492",941,0.0738325666495521,0,1,0,-18.26,-18.26,-17.74,-19.55,2,1
"493",942,0.0745747031435221,0,1,0,-18,-17.53,-19.57,-18.54,2,1
"494",943,0.0753805095197779,0,1,0,-16.9,-17.54,-18.97,-16.83,2,1
"495",944,0.0762849707252706,0,0.875,0,-17.56,-18.77,-17.56,-16.28,2,1
"496",945,0.077281650330029,0,0.875,0,-17.61,-19.12,-16.75,-16.91,2,1
"497",946,0.078434904829702,0,0.875,0,-17.32,-18.21,-18.5,-18.08,2,1
"498",947,0.0796848789696779,0,0.875,0,-16.94,-17.32,-16.72,-18.79,2,1
"499",948,0.0810325025171648,0,0.875,0,-17.66,-18,-17.14,-18.37,2,1
"500",949,0.0824524739941948,0,0.875,0,-18.12,-18.61,-18.15,-18.32,2,1
"501",950,0.0838944963923581,0,0.875,0,-18.57,-19.02,-19.35,-18.62,2,1
"502",951,0.0853305683356733,0,0.875,0,-17.83,-19.32,-18.79,-18.16,2,1
"503",952,0.0866588122646752,0,0.666666666666667,0,-17.32,-18.46,-18.11,-16.2,2,1
"504",953,0.087764052030174,0,0.666666666666667,0,-18.24,-17.58,-17.22,-16.27,2,1
"505",954,0.0885731810468589,0,0.666666666666667,0,-19.85,-15.94,-16.62,-14.98,2,1
"506",955,0.0889645246887263,0,0.875,0,-19.99,-16.98,-17.21,-16.31,2,1
"507",956,0.0888719781056712,0,0.875,0,-17.39,-17.23,-18.22,-18.14,2,1
"508",957,0.0882456656207218,0,1,0,-17.59,-17.37,-18.63,-18.87,2,1
"509",958,0.0871473469183882,0,1,0,-17.93,-18.04,-17.94,-18.87,2,1
"510",959,0.0855730415307282,0,1,0,-17.46,-17.69,-17.54,-17.7,2,1
"511",960,0.0836070474690325,0,0.875,0,-17.3,-18.57,-17.44,-16.54,2,1
"512",961,0.0814399780363319,0,0.777777777777778,0,-18.53,-18.1,-17.46,-16.11,2,1
"513",962,0.0790890815392806,0,0.777777777777778,0,-19.38,-17.46,-17.06,-16.43,2,1
"514",963,0.0766218403836458,0,0.777777777777778,0,-19.03,-19.12,-16.42,-16.34,2,1
"515",964,0.0741768523618604,0,0.777777777777778,0,-18.91,-19.98,-16.92,-16.79,2,1
"516",965,0.0717244331289418,0,0.777777777777778,0,-19.36,-17.9,-18.66,-18.19,2,1
"517",966,0.0693101324258977,0,0.777777777777778,0,-18.26,-17.74,-18.74,-17.47,2,1
"518",967,0.0669222954163536,0,0.777777777777778,0,-17.53,-19.57,-18.31,-16.84,2,1
"519",968,0.0645950047691424,0,0.777777777777778,0,-17.54,-18.97,-18.56,-17.33,2,1
"520",969,0.0624480492311876,0,0.777777777777778,0,-18.77,-17.56,-18.71,-17.03,2,1
"521",970,0.0605686352385106,0,0.777777777777778,0,-19.12,-16.75,-18.66,-15.94,2,1
"522",971,0.0589573941618731,0,0.777777777777778,0,-18.21,-18.5,-18.5,-16.87,2,1
"523",972,0.0576957136425406,0,0.777777777777778,0,-17.32,-16.72,-17.98,-17.23,2,1
"524",973,0.0568118448864259,0,0.777777777777778,0,-18,-17.14,-18,-18.2,2,1
"525",974,0.0562921952596055,0,0.777777777777778,0,-18.61,-18.15,-17.11,-18.23,2,1
"526",975,0.0560571026200341,0,0.777777777777778,0,-19.02,-19.35,-17.6,-17.17,2,1
"527",976,0.0560715317691943,0,0.777777777777778,0,-19.32,-18.79,-18.27,-16.43,2,1
"528",977,0.0562620287165924,0,0.777777777777778,0,-18.46,-18.11,-17.54,-16.64,2,1
"529",978,0.0565801007737798,0,0.777777777777778,0,-17.58,-17.22,-17.53,-17.92,2,1
"530",979,0.0569439993825461,0,0.777777777777778,0,-15.94,-16.62,-18.93,-18.73,2,1
"531",980,0.0572620714397335,0,0.777777777777778,0,-16.98,-17.21,-18.17,-19.01,2,1
"532",981,0.0574197472260118,0,0.777777777777778,0,-17.23,-18.22,-17.52,-19.33,2,1
"533",982,0.0569114815606098,0,0.777777777777778,0,-17.37,-18.63,-18.22,-18.86,2,1
"534",983,0.0549628602635211,0,0.777777777777778,0,-18.04,-17.94,-19.36,-17.46,2,1
"535",984,0.0520677257304742,0,0.583333333333333,0,-17.69,-17.54,-18.89,-17.73,2,1
"536",985,0.0494479059678344,0,0.583333333333333,0,-18.57,-17.44,-17.36,-18.38,2,1
"537",986,0.0476112439457851,0,0.583333333333333,0,-18.1,-17.46,-17.13,-17.9,2,1
"538",987,0.0464349181844617,0,0.583333333333333,0,-17.46,-17.06,-17.9,-18.52,2,1
"539",988,0.0456613370321496,0,0.583333333333333,0,-19.12,-16.42,-18.38,-19.51,2,1
"540",989,0.0450892633270791,0,0.583333333333333,0,-19.98,-16.92,-18.59,-19.56,2,1
"541",990,0.0445697278787253,0,0.583333333333333,0,-17.9,-18.66,-18.96,-18.71,2,1
"542",991,0.0440879652457713,0,0.666666666666667,0,-17.74,-18.74,-19.55,-18.24,2,1
"543",992,0.0435620743653237,0,0.666666666666667,0,-19.57,-18.31,-18.54,-17.4,2,1
"544",993,0.0429815243896624,0,0.666666666666667,0,-18.97,-18.56,-16.83,-17.2,2,1
"545",994,0.0423159074014095,0,0.666666666666667,0,-17.56,-18.71,-16.28,-17.54,2,1
"546",995,0.0416182144721492,0,0.666666666666667,0,-16.75,-18.66,-16.91,-17.43,2,1
"547",996,0.040816871956904,0,0.666666666666667,0,-18.5,-18.5,-18.08,-17.87,2,1
"548",997,0.0399635109096234,0,0.666666666666667,0,-16.72,-17.98,-18.79,-17.18,2,1
"549",998,0.0390682449247081,0,0.666666666666667,0,-17.14,-18,-18.37,-16.73,2,1
"550",999,0.0381578944396845,0,0.666666666666667,0,-18.15,-17.11,-18.32,-15.78,2,1
"551",1000,0.0372816095332318,0,0.666666666666667,0,-19.35,-17.6,-18.62,-15.74,2,1
"552",1001,0.0364471050321286,0,0.666666666666667,0,-18.79,-18.27,-18.16,-16.8,2,1
"553",1002,0.0357260951490118,0,0.666666666666667,0,-18.11,-17.54,-16.2,-17.89,2,1
"554",1003,0.0351847885049378,0,0.666666666666667,0,-17.22,-17.53,-16.27,-17.93,2,1
"555",1004,0.0347709165445879,0,0.666666666666667,0,-16.62,-18.93,-14.98,-18.03,2,1
"556",1005,0.0345842120593404,0,0.666666666666667,0,-17.21,-18.17,-16.31,-18.68,2,1
"557",1006,0.0345707608545146,0,0.666666666666667,0,-18.22,-17.52,-18.14,-19.13,2,1
"558",1007,0.0347335595638029,0,0.666666666666667,0,-18.63,-18.22,-18.87,-18.77,2,1
"559",1008,0.0350357611766465,0,0.666666666666667,0,-17.94,-19.36,-18.87,-18.66,2,1
"560",1009,0.0355213003858055,0,0.666666666666667,0,-17.54,-18.89,-17.7,-18.05,2,1
"561",1010,0.0361282051396901,0,0.666666666666667,0,-17.44,-17.36,-16.54,-18.29,2,1
"562",1011,0.0368267495589021,0,0.666666666666667,0,-17.46,-17.13,-16.11,-18.49,2,1
"563",1012,0.0376000374264597,0,0.666666666666667,0,-17.06,-17.9,-16.43,-18.39,2,1
"564",1013,0.0384581410767253,0,0.666666666666667,0,-16.42,-18.38,-16.34,-17.54,2,1
"565",1014,0.0393096735877131,0,0.666666666666667,0,-16.92,-18.59,-16.79,-17.53,2,1
"566",1015,0.040168637309834,0,0.666666666666667,0,-18.66,-18.96,-18.19,-18.26,2,1
"567",1016,0.0410286671061062,0,0.666666666666667,0,-18.74,-19.55,-17.47,-18.3,2,1
"568",1017,0.0419053707488684,0,0.666666666666667,0,-18.31,-18.54,-16.84,-17.9,2,1
"569",1018,0.0427082859054351,0,0.666666666666667,0,-18.56,-16.83,-17.33,-17.9,2,1
"570",1019,0.0434500652006685,0,0.583333333333333,0,-18.71,-16.28,-17.03,-18.39,2,1
"571",1020,0.0441469480919188,0,0.583333333333333,0,-18.66,-16.91,-15.94,-18.82,2,1
"572",1021,0.0447604935189838,0,0.583333333333333,0,-18.5,-18.08,-16.87,-18.41,2,1
"573",1022,0.0452532875875579,0,0.583333333333333,0,-17.98,-18.79,-17.23,-18.8,2,1
"574",1023,0.0456187348846369,0,0.583333333333333,0,-18,-18.37,-18.2,-18.7,2,1
"575",1024,0.0458412923618362,0,0.777777777777778,0,-17.11,-18.32,-18.23,-17.89,2,1
"576",1025,0.045904185991755,0,0.777777777777778,0,-17.6,-18.62,-17.17,-17.98,2,1
"577",1026,0.0458650604136162,0,0.777777777777778,0,-18.27,-18.16,-16.43,-17.85,2,1
"578",1027,0.0457319443158678,0,0.777777777777778,0,-17.54,-16.2,-16.64,-17.37,2,1
"579",1028,0.045553377303684,0,0.777777777777778,0,-17.53,-16.27,-17.92,-16.9,2,1
"580",1029,0.0453396501117936,0,0.777777777777778,0,-18.93,-14.98,-18.73,-17.07,2,1
"581",1030,0.0451034050095168,0,0.777777777777778,0,-18.17,-16.31,-19.01,-17.07,2,1
"582",1031,0.0448889434206552,0,0.777777777777778,0,-17.52,-18.14,-19.33,-16.97,2,1
"583",1032,0.0447238307127068,0,0.777777777777778,0,-18.22,-18.87,-18.86,-17.1,2,1
"584",1033,0.0446648346495055,0,0.777777777777778,0,-19.36,-18.87,-17.46,-16.98,2,1
"585",1034,0.0447236248873668,0,0.777777777777778,0,-18.89,-17.7,-17.73,-17.03,2,1
"586",1035,0.044908828651871,0,0.777777777777778,0,-17.36,-16.54,-18.38,-18.45,2,1
"587",1036,0.0452316568864296,0,0.777777777777778,0,-17.13,-16.11,-17.9,-18.42,2,1
"588",1037,0.0457078186026747,0,0.777777777777778,0,-17.9,-16.43,-18.52,-17.45,2,1
"589",1038,0.0462815491808089,0,0.777777777777778,0,-18.38,-16.34,-19.51,-17.46,2,1
"590",1039,0.0469140610970823,0,0.777777777777778,0,-18.59,-16.79,-19.56,-17.98,2,1
"591",1040,0.0475714344781366,0,0.777777777777778,0,-18.96,-18.19,-18.71,-19.24,2,1
"592",1041,0.0482076743692859,0,0.777777777777778,0,-19.55,-17.47,-18.24,-17.99,2,1
"593",1042,0.0487594574399732,0,0.777777777777778,0,-18.54,-16.84,-17.4,-17.83,2,1
"594",1043,0.0492077833083027,0,0.777777777777778,0,-16.83,-17.33,-17.2,-18.46,2,1
"595",1044,0.0495655470744485,0,0.777777777777778,0,-16.28,-17.03,-17.54,-17.44,2,1
"596",1045,0.0497974964097246,0,0.777777777777778,0,-16.91,-15.94,-17.43,-17.4,2,1
"597",1046,0.0499142652695761,0,0.777777777777778,0,-18.08,-16.87,-17.87,-16.96,2,1
"598",1047,0.0499536367748679,0,0.777777777777778,0,-18.79,-17.23,-17.18,-16.63,2,1
"599",1048,0.04990574081874,0,0.777777777777778,0,-18.37,-18.2,-16.73,-17.19,2,1
"600",1049,0.0497660829072377,0,0.777777777777778,0,-18.32,-18.23,-15.78,-18.48,2,1
"601",1050,0.0495302367307229,0,0.583333333333333,0,-18.62,-17.17,-15.74,-18,2,1
"602",1051,0.0491948383239611,0,0.583333333333333,0,-18.16,-16.43,-16.8,-18,2,1
"603",1052,0.0487702217223097,0,0.583333333333333,0,-16.2,-16.64,-17.89,-18.32,2,1
"604",1053,0.0482608879596197,0,0.666666666666667,0,-16.27,-17.92,-17.93,-18.08,2,1
"605",1054,0.047685618200981,0,0.666666666666667,0,-14.98,-18.73,-18.03,-19.29,2,1
"606",1055,0.0470109641416593,0,0.666666666666667,0,-16.31,-19.01,-18.68,-19.38,2,1
"607",1056,0.0462726895621961,0,0.666666666666667,0,-18.14,-19.33,-19.13,-18.93,2,1
"608",1057,0.0454700525331577,0,0.933333333333333,0,-18.87,-18.86,-18.77,-18.18,2,1
"609",1058,0.0445979074088972,0,0.933333333333333,0,-18.87,-17.46,-18.66,-17.72,2,1
"610",1059,0.0436207501777908,0,0.933333333333333,0,-17.7,-17.73,-18.05,-16.72,2,1
"611",1060,0.0425991404107938,0,0.583333333333333,0,-16.54,-18.38,-18.29,-15.92,2,1
"612",1061,0.041518774850027,0,0.583333333333333,0,-16.11,-17.9,-18.49,-16.44,2,1
"613",1062,0.0403772232643428,0,0.583333333333333,0,-16.43,-18.52,-18.39,-17.52,2,1
"614",1063,0.0391723426541681,0,0.583333333333333,0,-16.34,-19.51,-17.54,-17.19,2,1
"615",1064,0.0379674620439935,0,0.583333333333333,0,-16.79,-19.56,-17.53,-17.59,2,1
"616",1065,0.036774970547671,0,0.583333333333333,0,-18.19,-18.71,-18.26,-17.38,2,1
"617",1066,0.0355824790513485,0,0.583333333333333,0,-17.47,-18.24,-18.3,-17.13,2,1
"618",1067,0.034389987555026,0,0.583333333333333,0,-16.84,-17.4,-17.9,-17.9,2,1
"619",1068,0.033260825083194,0,0.583333333333333,0,-17.33,-17.2,-17.9,-18.72,2,1
"620",1069,0.0321728853401364,0,0.777777777777778,0,-17.03,-17.54,-18.39,-18.86,2,1
"621",1070,0.0311185499632049,0,0.777777777777778,0,-15.94,-17.43,-18.82,-18.49,2,1
"622",1071,0.0301200951000708,0,0.777777777777778,0,-16.87,-17.87,-18.41,-18.74,2,1
"623",1072,0.0292263016558855,0,0.777777777777778,0,-17.23,-17.18,-18.8,-18.01,2,1
"624",1073,0.0284275659268013,0,0.777777777777778,0,-18.2,-16.73,-18.7,-17.33,2,1
"625",1074,0.0277346044551107,0,0.777777777777778,0,-18.23,-15.78,-17.89,-16.88,2,1
"626",1075,0.0271567765922684,0,0.777777777777778,0,-17.17,-15.74,-17.98,-17.38,2,1
"627",1076,0.0266439151418168,0,0.777777777777778,0,-16.43,-16.8,-17.85,-18.09,2,1
"628",1077,0.0261940554071294,0,0.777777777777778,0,-16.64,-17.89,-17.37,-18.29,2,1
"629",1078,0.0257733598968471,0,0.777777777777778,0,-17.92,-17.93,-16.9,-18.92,2,1
"630",1079,0.0253726310361887,0,0.777777777777778,0,-18.73,-18.03,-17.07,-18.49,2,1
"631",1080,0.0249802793928339,0,0.777777777777778,0,-19.01,-18.68,-17.07,-18.26,2,1
"632",1081,0.0245661442360638,0,0.777777777777778,0,-19.33,-19.13,-16.97,-18.38,2,1
"633",1082,0.0240895293965842,0,0.777777777777778,0,-18.86,-18.77,-17.1,-18.69,2,1
"634",1083,0.0235352128377611,0,0.777777777777778,0,-17.46,-18.66,-16.98,-17.37,2,1
"635",1084,0.0228710307703532,0,0.777777777777778,0,-17.73,-18.05,-17.03,-15.69,2,1
"636",1085,0.022082615883339,0,0.777777777777778,0,-18.38,-18.29,-18.45,-16.42,2,1
"637",1086,0.0211661043237636,0,0.777777777777778,0,-17.9,-18.49,-18.42,-17.92,2,1
"638",1087,0.020113767811413,0,0.777777777777778,0,-18.52,-18.39,-17.45,-18.17,2,1
"639",1088,0.0189718115594036,0,0.777777777777778,0,-19.51,-17.54,-17.46,-18.14,2,1
"640",1089,0.0177783061045357,0,0.777777777777778,0,-19.56,-17.53,-17.98,-18.22,2,1
"641",1090,0.016578883081139,0,0.777777777777778,0,-18.71,-18.26,-19.24,-17.89,2,1
"642",1091,0.015404543372098,0,0.777777777777778,0,-18.24,-18.3,-17.99,-17.04,1,1
"643",1092,0.0143191391783126,0,0.777777777777778,0,-17.4,-17.9,-17.83,-16.38,1,1
"644",1093,0.013337800819616,0,0.777777777777778,0,-17.2,-17.9,-18.46,-16.77,1,1
"645",1094,0.0124491375637067,0,0.777777777777778,0,-17.54,-18.39,-17.44,-17.39,1,1
"646",1095,0.0116613444769218,0,0.777777777777778,0,-17.43,-18.82,-17.4,-16.9,1,1
"647",1096,0.0109697184744402,0,0.777777777777778,0,-17.87,-18.41,-16.96,-17.59,1,1
"648",1097,0.010346057030097,0,0.777777777777778,0,-17.18,-18.8,-16.63,-18.22,1,1
"649",1098,0.0097916583025671,0,0.777777777777778,0,-16.73,-18.7,-17.19,-18.05,1,1
"650",1099,0.00930317014164585,0,0.777777777777778,0,-15.78,-17.89,-18.48,-16.99,1,1
"651",1100,0.0088773574771585,0,0.777777777777778,0,-15.74,-17.98,-18,-17.48,1,1
"652",1101,0.0085130798429329,0,0.777777777777778,0,-16.8,-17.85,-18,-17.06,1,1
"653",1102,0.00818890297936206,0,0.777777777777778,0,-17.89,-17.37,-18.32,-17.27,1,1
"654",1103,0.00789411973846877,0,0.777777777777778,0,-17.93,-16.9,-18.08,-17.54,1,1
"655",1104,0.00762915519958855,0,0.777777777777778,0,-18.03,-17.07,-19.29,-17.95,1,1
"656",1105,0.00739165197757458,0,0.777777777777778,0,-18.68,-17.07,-19.38,-19.02,1,1
"657",1106,0.00718548328132652,0,0.777777777777778,0,-19.13,-16.97,-18.93,-18.3,1,1
"658",1107,0.0069902486625218,0,0.777777777777778,0,-18.77,-17.1,-18.18,-17.81,1,1
"659",1108,0.00683696547123148,0,0.777777777777778,0,-18.66,-16.98,-17.72,-17.46,1,1
"660",1109,0.00670831603582219,0,0.777777777777778,0,-18.05,-17.03,-16.72,-18,1,1
"661",1110,0.0066090656761854,0,0.777777777777778,0,-18.29,-18.45,-15.92,-18.11,1,1
"662",1111,0.00655883858897193,0,0.777777777777778,0,-18.49,-18.42,-16.44,-17.54,1,1
"663",1112,0.0065370674171783,0,0.777777777777778,0,-18.39,-17.45,-17.52,-17.24,1,1
"664",1113,0.00656297879928398,0,0.777777777777778,0,-17.54,-17.46,-17.19,-17.2,1,1
"665",1114,0.00663512520486208,0,0.777777777777778,0,-17.53,-17.98,-17.59,-17.5,1,1
"666",1115,0.00673177544545955,0,0.777777777777778,0,-18.26,-19.24,-17.38,-18.45,1,1
"667",1116,0.00684767582764144,0,0.777777777777778,0,-18.3,-17.99,-17.13,-18.77,1,1
"668",1117,0.0070037542262478,0,0.777777777777778,0,-17.9,-17.83,-17.9,-19.08,1,1
"669",1118,0.00718052634129579,0,0.777777777777778,0,-17.9,-18.46,-18.72,-17.4,1,1
"670",1119,0.00739836192849311,0,0.777777777777778,0,-18.39,-17.44,-18.86,-16.99,1,1
"671",1120,0.00763107011309901,0,0,0,-18.82,-17.4,-18.49,-16.99,1,1
"672",1121,0.0078637782977049,0,0,0,-18.41,-16.96,-18.74,-17.57,1,1
"673",1122,0.0080964864823108,0,0,0,-18.8,-16.63,-18.01,-18.16,1,1
"674",1123,0.00832919466691669,0,0,0,-18.7,-17.19,-17.33,-17.08,1,1
"675",1124,0.00858073526794245,0,0,0,-17.89,-18.48,-16.88,-17.29,1,1
"676",1125,0.00881349639414792,0,0,0,-17.98,-18,-17.38,-17.86,1,1
"677",1126,0.00906367436877671,0,0,0,-17.85,-18,-18.09,-18.65,1,1
"678",1127,0.00928148048753192,0,0,0,-17.37,-18.32,-18.29,-18.45,1,1
"679",1128,0.00948182897800471,0,0.777777777777778,0,-16.9,-18.08,-18.92,-17.65,1,1
"680",1129,0.00964095960037,0,0.777777777777778,0,-17.07,-19.29,-18.49,-16.78,1,1
"681",1130,0.00979323952246174,0,0.777777777777778,0,-17.07,-19.38,-18.26,-16.78,1,1
"682",1131,0.00990627820939863,0,0.777777777777778,0,-16.97,-18.93,-18.38,-17.27,1,1
"683",1132,0.0100142047078408,0,0.777777777777778,0,-17.1,-18.18,-18.69,-17.69,1,1
"684",1133,0.0100909534220469,0,0.777777777777778,0,-16.98,-17.72,-17.37,-19.43,1,1
"685",1134,0.0101762450518093,0,0.777777777777778,0,-17.03,-16.72,-15.69,-19.65,1,1
"686",1135,0.0102574850388997,0,0.777777777777778,0,-18.45,-15.92,-16.42,-18.32,1,1
"687",1136,0.0103487524509927,0,0.777777777777778,0,-18.42,-16.44,-17.92,-17.89,1,1
"688",1137,0.0104407944802407,0,0.777777777777778,0,-17.45,-17.52,-18.17,-17.37,1,1
"689",1138,0.0105567241929887,0,0.777777777777778,0,-17.46,-17.19,-18.14,-17.4,1,1
"690",1139,0.0107005378931273,0,0.777777777777778,0,-17.98,-17.59,-18.22,-17.26,1,1
"691",1140,0.0108746857664399,0,0.777777777777778,0,-19.24,-17.38,-17.89,-17.68,1,1
"692",1141,0.0111162136269362,0,0.583333333333333,0,-17.99,-17.13,-17.04,-18.01,1,1
"693",1142,0.011440623939787,0,0.583333333333333,0,-17.83,-17.9,-16.38,-17.87,1,1
"694",1143,0.0119053582521511,0,0.583333333333333,0,-18.46,-18.72,-16.77,-17.91,1,1
"695",1144,0.0125410782378734,0,0.583333333333333,0,-17.44,-18.86,-17.39,-17.84,1,1
"696",1145,0.013374253586585,0,0.583333333333333,0,-17.4,-18.49,-16.9,-17.39,1,1
"697",1146,0.0144616066805008,0,0.583333333333333,0,-16.96,-18.74,-17.59,-17.5,1,1
"698",1147,0.0157458983238313,0,0.583333333333333,0,-16.63,-18.01,-18.22,-18.3,1,1
"699",1148,0.0170882035328896,0,0.583333333333333,0,-17.19,-17.33,-18.05,-18.01,1,1
"700",1149,0.0184357199419681,0,0.777777777777778,0,-18.48,-16.88,-16.99,-17.31,1,1
"701",1150,0.0196957211382489,0,0.777777777777778,0,-18,-17.38,-17.48,-17.35,1,1
"702",1151,0.0204104515194902,0,0.777777777777778,0,-18,NA,NA,NA,1,NA
"703",1152,0.0204682322979627,0,0.777777777777778,0,-18.32,NA,NA,NA,1,NA
"704",1153,0.0204378431438084,0,0.777777777777778,0,-18.08,NA,NA,NA,1,NA
"705",1154,0.0204001518997279,0,0.777777777777778,0,-19.29,NA,NA,NA,1,NA
"706",1155,0.0203584077943457,0,0.777777777777778,0,-19.38,NA,NA,NA,1,NA
"707",1156,0.0203074212596167,0,0.777777777777778,0,-18.93,NA,NA,NA,1,NA
"708",1157,0.0202455006474444,0,0.777777777777778,0,-18.18,NA,NA,NA,1,NA
"709",1158,0.0201624215429178,0,0.777777777777778,0,-17.72,NA,NA,NA,1,NA
"710",1159,0.0200547086825101,0,0.777777777777778,0,-16.72,NA,NA,NA,1,NA
"711",1160,0.0199057713575116,0,0.777777777777778,0,-15.92,NA,NA,NA,1,NA
"712",1161,0.0197078107600898,0,0.777777777777778,0,-16.44,NA,NA,NA,1,NA
"713",1162,0.0194813942472482,0,0.777777777777778,0,-17.52,NA,NA,NA,1,NA
"714",1163,0.0192072951805073,0,0.777777777777778,0,-17.19,NA,NA,NA,1,NA
"715",1164,0.0188869610902939,0,0.777777777777778,0,-17.59,NA,NA,NA,1,NA
"716",1165,0.018529734051209,0,0.777777777777778,0,-17.38,NA,NA,NA,1,NA
"717",1166,0.0181532568705396,0,0.777777777777778,0,-17.13,NA,NA,NA,1,NA
"718",1167,0.0177366016734458,0,0.777777777777778,0,-17.9,NA,NA,NA,1,NA
"719",1168,0.0172992527599104,0,0.777777777777778,0,-18.72,NA,NA,NA,1,NA
"720",1169,0.0168408036703686,0,0.777777777777778,0,-18.86,NA,NA,NA,1,NA
"721",1170,0.0163674819834182,0,0.777777777777778,0,-18.49,NA,NA,NA,1,NA
"722",1171,0.0158941602964678,0,0.583333333333333,0,-18.74,NA,NA,NA,1,NA
"723",1172,0.0154208386095175,0,0.583333333333333,0,-18.01,NA,NA,NA,1,NA
"724",1173,0.0149475169225671,0,0.583333333333333,0,-17.33,NA,NA,NA,1,NA
"725",1174,0.0144741952356167,0,0.583333333333333,0,-16.88,NA,NA,NA,1,NA
"726",1175,0.0140315974569295,0,0.777777777777778,0,-17.38,NA,NA,NA,1,NA
"727",1176,0.0135889996782423,0,0.777777777777778,0,-18.09,NA,NA,NA,1,NA
"728",1177,0.0131787737554286,0,0,0,-18.29,NA,NA,NA,1,NA
"729",1178,0.0128022921509276,NA,NA,NA,-18.92,NA,NA,NA,1,NA
"730",1179,0.0124822219446169,NA,NA,NA,-18.49,NA,NA,NA,1,NA
"731",1180,0.0121831431316625,NA,NA,NA,-18.26,NA,NA,NA,1,NA
"732",1181,0.0119233055538629,NA,NA,NA,-18.38,NA,NA,NA,1,NA
"733",1182,0.0116817109663546,NA,NA,NA,-18.69,NA,NA,NA,1,NA
"734",1183,0.011473868041524,NA,NA,NA,-17.37,NA,NA,NA,1,NA
"735",1184,0.0112691973559029,NA,NA,NA,-15.69,NA,NA,NA,1,NA
"736",1185,0.0110794281884107,NA,NA,NA,-16.42,NA,NA,NA,1,NA
"737",1186,0.0108896590209185,NA,NA,NA,-17.92,NA,NA,NA,1,NA
"738",1187,0.0106998898534263,NA,NA,NA,-18.17,NA,NA,NA,1,NA
"739",1188,0.0104952191678052,NA,NA,NA,-18.14,NA,NA,NA,1,NA
"740",1189,0.0102709531844082,NA,NA,NA,-18.22,NA,NA,NA,1,NA
"741",1190,0.0100242020694594,NA,NA,NA,-17.89,NA,NA,NA,1,NA
"742",1191,0.00971715862352892,NA,NA,NA,-17.04,NA,NA,NA,1,NA
"743",1192,0.00933994175360702,NA,NA,NA,-16.38,NA,NA,NA,1,NA
"744",1193,0.00882807281382309,NA,NA,NA,-16.77,NA,NA,NA,1,NA
"745",1194,0.00815027570302715,NA,NA,NA,-17.39,NA,NA,NA,1,NA
"746",1195,0.00727953581627671,NA,NA,NA,-16.9,NA,NA,NA,1,NA
"747",1196,0.00616666769043425,NA,NA,NA,-17.59,NA,NA,NA,1,NA
"748",1197,0.00485988191349644,NA,NA,NA,-18.22,NA,NA,NA,1,NA
"749",1198,0.00349428472615925,NA,NA,NA,-18.05,NA,NA,NA,1,NA
"750",1199,0.002123387538218,NA,NA,NA,-16.99,NA,NA,NA,1,NA
"751",1200,0.000839374470373118,NA,NA,NA,-17.48,NA,NA,NA,NA,NA
"752",1201,9.68001151110976e-05,NA,NA,NA,-17.06,NA,NA,NA,NA,NA
"753",1202,1.01477997396368e-05,NA,NA,NA,-17.27,NA,NA,NA,NA,NA
"754",1203,8.39770353565877e-06,NA,NA,NA,-17.54,NA,NA,NA,NA,NA
"755",1204,8.80486785226726e-06,NA,NA,NA,-17.95,NA,NA,NA,NA,NA
"756",1205,9.15933304489912e-06,NA,NA,NA,-19.02,NA,NA,NA,NA,NA
"757",1206,9.46747238967994e-06,NA,NA,NA,-18.3,NA,NA,NA,NA,NA
"758",1207,9.73495181931553e-06,NA,NA,NA,-17.81,NA,NA,NA,NA,NA
"759",1208,9.9667997885992e-06,NA,NA,NA,-17.46,NA,NA,NA,NA,NA
"760",1209,9.9667997885992e-06,NA,NA,NA,-18,NA,NA,NA,NA,NA
"761",1210,9.9667997885992e-06,NA,NA,NA,-18.11,NA,NA,NA,NA,NA
"762",1211,9.9667997885992e-06,NA,NA,NA,-17.54,NA,NA,NA,NA,NA
"763",1212,9.9667997885992e-06,NA,NA,NA,-17.24,NA,NA,NA,NA,NA
"764",1213,9.9667997885992e-06,NA,NA,NA,-17.2,NA,NA,NA,NA,NA
"765",1214,9.9667997885992e-06,0,0,0,-17.5,NA,NA,NA,NA,NA
"766",1215,9.9667997885992e-06,0,0,0,-18.45,NA,NA,NA,NA,NA
"767",1216,9.9667997885992e-06,0,0,0,-18.77,NA,NA,NA,NA,NA
"768",1217,9.9667997885992e-06,0,0,0,-19.08,NA,NA,NA,NA,NA
"769",1218,9.9667997885992e-06,0,0,0,-17.4,NA,NA,NA,NA,NA
"770",1219,9.9667997885992e-06,0,0,0,-16.99,NA,NA,NA,NA,NA
"771",1220,9.9667997885992e-06,0,0,0,-16.99,NA,NA,NA,NA,NA
"772",1221,9.9667997885992e-06,0,0,0,-17.57,NA,NA,NA,NA,NA
"773",1222,1.01674713724272e-05,0,0,0,-18.16,NA,NA,NA,NA,NA
"774",1223,1.04349508020627e-05,0,0,0,-17.08,NA,NA,NA,NA,NA
"775",1224,1.07894159946946e-05,0,0,0,-17.29,NA,NA,NA,NA,NA
"776",1225,1.12564360154799e-05,0,0,0,-17.86,NA,NA,NA,NA,NA
"777",1226,1.17167387716862e-05,0,0,0,-18.65,NA,NA,NA,NA,NA
"778",1227,1.24130219130218e-05,0,0,0,-18.45,NA,NA,NA,NA,NA
"779",1228,1.35712799888846e-05,0,0,0,-17.65,NA,NA,NA,NA,NA
"780",1229,1.47357447319721e-05,0,0,0,-16.78,NA,NA,NA,NA,NA
"781",1230,1.60732478106497e-05,0,0,0,-16.78,NA,NA,NA,NA,NA
"782",1231,1.76071117137226e-05,0,0,0,-17.27,NA,NA,NA,NA,NA
"783",1232,1.91409756167956e-05,0,0,0,-17.69,NA,NA,NA,NA,NA
"784",1233,2.04784786954732e-05,NA,NA,NA,-19.43,NA,NA,NA,NA,NA
"785",1234,2.11791987953939e-05,NA,NA,NA,-19.65,NA,NA,NA,NA,NA
"786",1235,2.14732977705221e-05,NA,NA,NA,-18.32,NA,NA,NA,NA,NA
"787",1236,2.14732977705221e-05,NA,NA,NA,-17.89,NA,NA,NA,NA,NA
"788",1237,2.14732977705221e-05,NA,NA,NA,-17.37,NA,NA,NA,NA,NA
"789",1238,2.14732977705221e-05,NA,NA,NA,-17.4,NA,NA,NA,NA,NA
"790",1239,2.14732977705221e-05,NA,NA,NA,-17.26,NA,NA,NA,NA,NA
"791",1240,2.12546835731476e-05,NA,NA,NA,-17.68,NA,NA,NA,NA,NA
"792",1241,2.09593491002639e-05,NA,NA,NA,-18.01,NA,NA,NA,NA,NA
"793",1242,2.05629155166277e-05,NA,NA,NA,-17.87,NA,NA,NA,NA,NA
"794",1243,1.99554329590214e-05,NA,NA,NA,-17.91,NA,NA,NA,NA,NA
"795",1244,1.92591498176858e-05,NA,NA,NA,-17.84,NA,NA,NA,NA,NA
"796",1245,1.85628666763502e-05,NA,NA,NA,-17.39,NA,NA,NA,NA,NA
"797",1246,1.73992574109802e-05,0,0,0,-17.5,NA,NA,NA,NA,NA
"798",1247,1.62356481456101e-05,0,0,0,-18.3,NA,NA,NA,NA,NA
"799",1248,1.55393650042745e-05,0,0,0,-18.01,NA,NA,NA,NA,NA
"800",1249,1.49318824466682e-05,0,0,0,-17.31,NA,NA,NA,NA,NA
"801",1250,1.44026825981626e-05,0,0,0,-17.35,NA,NA,NA,NA,NA
"802",1251,1.39423798419563e-05,0,0,0,-18.26,NA,NA,NA,NA,NA
"803",1252,1.35426142556486e-05,0,0,0,-18.52,NA,NA,NA,NA,NA
"804",1253,1.30755942348633e-05,0,0,0,-18.46,NA,NA,NA,NA,NA
"805",1254,1.26684299182549e-05,0,0,0,-18.71,NA,NA,NA,NA,NA
"806",1255,1.2313964725623e-05,0,0,0,-18.87,NA,NA,NA,NA,NA
"807",1256,1.20058253808422e-05,0,0,0,-19.66,NA,NA,NA,NA,NA
"808",1257,1.17383459512066e-05,0,0,0,-20.41,NA,NA,NA,NA,NA
"809",1258,1.15064979819229e-05,0,0,0,-20.41,NA,NA,NA,NA,NA
"810",1259,1.15064979819229e-05,0,0,0,-18.4,NA,NA,NA,NA,NA
"811",1260,1.15064979819229e-05,NA,NA,NA,-17.58,NA,NA,NA,NA,NA
"812",1261,1.15064979819229e-05,NA,NA,NA,-16.88,NA,NA,NA,NA,NA
"813",1262,1.15064979819229e-05,NA,NA,NA,-16.4,NA,NA,NA,NA,NA
"814",1263,1.15064979819229e-05,NA,NA,NA,-16.22,NA,NA,NA,NA,NA
"815",1264,1.15064979819229e-05,NA,NA,NA,-16.91,NA,NA,NA,NA,NA
"816",1265,1.15064979819229e-05,NA,NA,NA,-17.6,NA,NA,NA,NA,NA
"817",1266,1.15064979819229e-05,NA,NA,NA,-18.05,NA,NA,NA,NA,NA
"818",1267,1.15064979819229e-05,NA,NA,NA,-18.66,NA,NA,NA,NA,NA
"819",1268,1.15064979819229e-05,NA,NA,NA,-18.29,NA,NA,NA,NA,NA
"820",1269,1.15064979819229e-05,NA,NA,NA,-18.09,NA,NA,NA,NA,NA
"821",1270,1.15064979819229e-05,NA,NA,NA,-18.28,NA,NA,NA,NA,NA
"822",1271,1.15064979819229e-05,NA,NA,NA,-18.64,NA,NA,NA,NA,NA
"823",1272,1.1305826398095e-05,NA,NA,NA,-17.06,NA,NA,NA,NA,NA
"824",1273,1.10383469684594e-05,NA,NA,NA,-17.2,NA,NA,NA,NA,NA
"825",1274,1.06838817758275e-05,NA,NA,NA,-18.86,NA,NA,NA,NA,NA
"826",1275,1.02168617550423e-05,NA,NA,NA,-19.7,NA,NA,NA,NA,NA
"827",1276,9.75655899883592e-06,NA,NA,NA,-18.65,NA,NA,NA,NA,NA
"828",1277,0,NA,NA,NA,-17.59,NA,NA,NA,NA,NA
"829",1278,0,NA,NA,NA,-17.67,NA,NA,NA,NA,NA
"830",1279,0,NA,NA,NA,-17.46,NA,NA,NA,NA,NA
"831",1280,0,NA,NA,NA,-16.96,NA,NA,NA,NA,NA
"832",1281,0,NA,NA,NA,-17.39,NA,NA,NA,NA,NA
"833",1282,0,NA,NA,NA,-17.22,NA,NA,NA,NA,NA
"834",1283,0,NA,NA,NA,-17.26,NA,NA,NA,NA,NA
"835",1284,0,NA,NA,NA,-17.63,NA,NA,NA,NA,NA
"836",1285,0,NA,NA,NA,-17.02,NA,NA,NA,NA,NA
"837",1286,0,NA,NA,NA,-16.8,NA,NA,NA,NA,NA
"838",1287,0,NA,NA,NA,-17.46,NA,NA,NA,NA,NA
"839",1288,0,NA,NA,NA,-18.13,NA,NA,NA,NA,NA
"840",1289,0,NA,NA,NA,-17.9,NA,NA,NA,NA,NA
"841",1290,0,NA,NA,NA,-17.96,NA,NA,NA,NA,NA
"842",1291,0,NA,NA,NA,-18.15,NA,NA,NA,NA,NA
"843",1292,0,NA,NA,NA,-18.09,NA,NA,NA,NA,NA
"844",1293,0,NA,NA,NA,-17.8,NA,NA,NA,NA,NA
"845",1294,0,NA,NA,NA,-16.98,NA,NA,NA,NA,NA
"846",1295,0,NA,NA,NA,-17.37,NA,NA,NA,NA,NA
"847",1296,0,NA,NA,NA,-18.56,NA,NA,NA,NA,NA
"848",1297,0,NA,NA,NA,-18.04,NA,NA,NA,NA,NA
"849",1298,0,NA,NA,NA,-18.35,NA,NA,NA,NA,NA
"850",1299,0,NA,NA,NA,-19.19,NA,NA,NA,NA,NA
"851",1300,0,NA,NA,NA,-19.22,NA,NA,NA,NA,NA
